"account_id","label"
"anl7fnp2cHVlentxfWZoYW93ZWxncW5mZnZtZXpobmpxbnV1",1
"aHxwaW10fmhldn1xamZoam5zZWxwcXtmZHV-anx2bnBpbXl2",1
"em1ycHZyfWZlaHtpfGZoaX5mZW18a2tmZ3ZpZXFlbnF7cGdm",0
"en5pb2d2cXVlZ3t9e2ZoYXt0ZXV9bHFmaGZ8YmltbGt8b2Vq",0
"cHp8amh0amJldmloe2ZocntkZWx9cH5maXJsYmhlenFqb2xy",1
"Z29raW1lcXJld3p-fWZoaHt0ZXVobX5maGZ8Y2h6e3tsaXpj",0
"eGpvb2dpaXVla295b2Zocn1hZWx5bHtmZGJsamtre3txemd3",0
"b2hvcHlmbmFleHxofmZodWp1ZXZpe2xmbGZ6dml3e2l-aml0",0
"an5ubW1ocWFlZm1vbWZoY2xoZW18aHJmamV-d3p3aG9vbHpy",1
"Z217cWdpaXVlaWtqb2ZoY31mZWxpbXJmdWF7YWxsZ358bWdy",0
"a2ptfWx1fWFlbGlufGZoZ291ZXVuanBmbGV_c3tnbmh9emRj",0
"aXl8emRof3NlZWtobGZoYWtzZXZ8cXtmd2hvdG16eHpta2Zm",0
"fHBvbGl2cndlZHlsfGZodm90ZXZqe3BmaXdudG5lbXtwcHp2",0
"fX56amdqcnVlbG97cGZoan9nZWx8fGtmZ3VsdmxlfXl_f2xo",0
"cGl-bnVhcGplaWdwfWZodm1oZWxtfXFmZmNuYntmeGhxcnlq",0
"eGltemRne3dleWd6fmZoanF0ZW14aWpmbWh8Zm11Z3trfGhj",0
"aHtrcXVicHZla2xpaWZodG1iZXZ4b3FmaGZ6c2tncHB8cnll",0
"fXFyb2x2aWFlaHp5e2ZoaXphZW17enpmdml6ZH53en1wcWl2",0
"fG18fGdhf2ZlaHh8cWZodHpqZW1wbX9memR7dm5re2l-cGR3",1
"bW56fGhkcmRlbGx6aWZoY2loZXZ8bX5mdmVxY31oZ297aW1h",0
"e3trbmtpcGdleXB-cmZoc2tpZW1nbWxmdXR7dm1nb35yamZ0",0
"aHt-cXhnaXdlaHp-cmZoan9kZW18bWlmd3V9ZXtpe35qfmtz",0
"eH59e2R0cWpleWpsamZodnBkZWxpaX9ma3NpY31leW9pfG1h",1
"fG1wb2VkfXJlbXtqbmZodWpkZWxvempmeWlpZmpqaXB_e3l1",0
"a2xtbWxhcGFlZ29paWZodmtpZXZwa31mdmFyc29lfHltcmRj",0
"bHp6enlmemVlemp5bGZoYntzZW1ncWtmamJvYn1rfXtpfm1y",0
"fHt_cGV1andleHB5cmZoYn1lZW1sbG9mZ2pycn51bnx6aXdz",0
"fWtwfHlncGJldW16bmZoaHpoZXVncW5mdWJ8Y3l3a218aWxk",1
"bG9pfnpkampleGdve2Zocm1nZW15fGxmaGVwdWhkaGpxfWpj",0
"bW5wcXh3emVlbHpxfmZoaHJiZW1oenpmaGhwdX5neG1xbGlm",0
"cGh6bml2a2VlZHB8fmZoZW9kZXV8cHFmdXJxaXFobn17amZl",0
"Z2l_emxhb2pleXttemZoZntzZXV9fX9maWlyY2x6e2hvanVn",0
"emh8cnV1amJlbWpuemZoZWtlZW1rbW5maGFsZnx5Z2pqanZ2",1
"eGhvf2VybWZlZGdpbWZoYW93ZW1rantmbGFydX5kb2x-cmdo",0
"aXF8amR3cXZla2lxbGZoZ29lZWx7e3pmaXJvZG1la3l_cGh0",0
"bWt_a2xka2plZml9bWZoY3JjZXVpem5memJ7dG1mbmh9bnZk",0
"Z3BpfXhnbnNlZXl-a2ZoZHthZWxsbm9maXRvd2hseH1ve2pl",0
"bnl6a3ZyamllZmt7aWZoaWxyZWxramxmeWFpZG9naH16a2dh",0
"e2ppcGRofndlZm55fmZodWxnZXVuaWlmamV9aXBpbHl9f2xl",0
"an5rbHlncGJleXpvamZodnBoZW19aGtmZmZ7Ynx2amtxfGh2",1
"cHl7fGVifWhldXtqcGZoc29lZW1wan1md2Nudm9ta2t_cGRj",0
"enpqfHVzfGVlZX1xb2ZoamljZXZwb3FmZWl9an1kb2p6emt2",0
"e3puemhhfnVldmx8cmZodG9oZXV7enBmdnZsdXB1e3xtfGx3",0
"a2lucHZhbGdlZGlvf2ZoY392ZXVua3BmdmJxaml5a2htcXV3",0
"aHFue3d0b2llaGtxbWZoYmpzZXZrbnBmZnRpY2x6b2pscWt0",0
"eW1pfHhoenJldW5rcGZocm5zZW1pemtmbGR-dm9qen1pa21p",0
"e3t8bHhpcmhla2hqbGZodWxhZXZrbGtmbGR9c2xoa2x6amxl",0
"aHl8e2poandlaHBvb2ZoY25pZWxrcXBmZ2duY3xlenp6fmxj",0
"cHlybWppfWRlan1sf2ZodWtzZXV8fXBmaWF7Zn12Z2lxe2Rk",0
"Z25qenVycnRlZ2dqe2ZoZX9hZXV5bnBmamdydmhsfGp9cndo",0
"fW1pe2xobXZldXl5aWZoZn1lZWx9eXtmZnJxZW5tbXp8cGRh",0
"cHp9fGdhb3NlaWl9emZocm9nZXZqb2pmamZ_dGlqb2p6e3p0",1
"fXpuf3ppaWVlam9oemZoaXBjZW16cXpmdmFyYnx1bGpxcXdl",0
"Z2t9a3ZhbHZlZGdsemZoaG1mZXZueW9mZGduc3lleWltcWdk",0
"e31ra3l2amFlZnhsa2ZodnxmZXZwe21mbXd7Yml6Z2hsb2pl",0
"bW9uaWZoe3Rlam96fmZoc29lZXZ7enBmaGp6Y3BqfX56enlh",0
"fWh-bmtpbmZla29vfmZoYW9lZW1pbWlmbHNtZXBnbW5ucHVy",0
"eGt_b210a3dldWlocmZoYW5hZW18anBmd2J8cnB6bH1sb2Zp",0
"cHptb2Z0fmNlbGttbWZoY2x2ZW17e21md2R-Y3F2fGp-bmVh",0
"bG1tfWlhendlZnB8cWZocnFoZW14eXpmeWV7ZX56eXFvcHdi",1
"eXxqbW1ocmhlZWx8aWZoY39oZW1qeWtmdWZ6Y3lneW5yfmd0",0
"b3xrcnVqb2VlZ29rcGZoam1hZXVofHpmZHZ6d29ke3lqb2th",1
"bXFucGljenJlZGtwa2ZoaX9nZXZpcWxmaHd_dnBkbHlxbHZ0",1
"anp8amt1fmdldW5pbGZoZn1hZWxsfWpmbGNvc3lqb21se2Vp",0
"aXt8e3hkaWhlamxsaWZodn53ZW16fGtma2VuZX1ra3Fqe212",0
"aWhxenl2cGlldWdoa2ZoY2tnZXZwbGpmeHZxYXFsZ31wamx3",0
"fH5wfmRjemRlaHB6a2ZoY2poZXVrbG9mZWVydmllen1scXp1",0
"bWxrfHpyfHJlbW5samZoYmxkZWxwbH5mbXdxamlpaGpyemhy",0
"an1xfm1lenVleGx-a2Zoc2lpZXZvaX5mdWd9Z2toaG97fmRi",1
"cGtpe3dmbnVlbG55e2ZoZmxqZXZ9aXBmZmFtaXpra3txbnph",0
"b21sfWdyfmdlamttbmZoZWpiZXVnbHFmbGF-ZGpobG9sempj",0
"aWl6bHlqf2FlemhvbGZoZW9kZWxwa3FmemhuZm1semhqaWZ3",0
"b3B7a3l0f2plaXx8a2ZoaG9mZXZvaW1mZ3NqYWx4fWx-cWZh",1
"fW9xbHpjb2RlZn1paWZoZHpyZXZufXBmemp8ZHF1eGxrfWxm",0
"bn5-bm1maXJleGtrcWZoYXt2ZXZ5eWxmbGpqdH52b3xrbXV1",0
"bWh8anp3aXZlbWxpaWZodHBzZXZpeX9meHJraH1lbmh7e3d0",0
"b31ybGthcmplaWx-bGZocm5jZXZnaXBma3JpZW5obXtxbWZ3",0
"b3F_cGZ1bGplbHxufWZoZG5qZXZuaHBmd3N_Y352Z35xbmZo",0
"Z3pue2Z0a3Jla3tvcWZoZWplZWx7anJma2RsdW16bHt_e3hn",0
"bW9yaWlofHdlZ315fmZoZmp0ZXZ5b2tmZXR9Y3xmfXt_anph",1
"enlvfHZ3f3VleWttbGZod2thZW1oaH9md3RraX1laG5rbnhy",1
"bHBre2dzb2JlbGp-amZod2xnZWx8eXBmeGV_dm96cH5wbGxp",0
"a2hvcG11aWVleHtuaWZodHJoZW16a35mamZramlsaXl-cGly",0
"bHB8b210bWpleHx6a2ZoY31yZXV7en1md2R7YXt6bHlrbXp0",0
"empre2RnemFleWxvfWZoZGpjZW1we3FmeHZ9Y35kaH1vbmZo",1
"aHBtbWZqaWdlen1paWZoaG9zZXZsaGlmd3dwc25lfHt6cmdy",0
"eWlubWpzbWZldXB9amZodm9lZXZucW5mbGhsYn5neH5vaWpm",1
"cHpsbWZhamhlaGdve2ZoYntpZW1wbH5maHNtdHBqeHl_cHl1",0
"bnByfmlle2hld31vcmZoc31zZW14fHBmaGlraX5ta2x-a21n",0
"bGhsbnZhbWJlZ21xb2Zocn12ZXZpfW1mbWNyd25ma2x-aWln",0
"fXx_bGhocGRlZ2luf2ZoanF1ZXZ7antma2VyZXlqfW5tcWly",0
"fGpwbGlzanZlZmxvfWZoZXFoZW1qfXtmbWlrZn56fXFwand0",1
"eGhre2pia2JleG9re2ZoaH1iZXV6bmxmZ3dudXBqfW9sampz",0
"eXpqcGVjcGNlZ25qb2ZoYX10ZXV8fG5maGNpZntramlwamdp",0
"fXlrcXdmcnNlZGdqbmZoc2tqZXZnfW9mZmh7YmxpaGltcWZl",0
"fGxxamZ0cWRldX1wcGZoY29pZXVpeW5mZWpwdmtsaWxxcW12",0
"bH5ycGtnenRla3p8e2ZodHBkZWx4eWlmdWJsZW5qcHp6fWt1",0
"eGhubHllbGJlemhvamZodXtqZWxocX1mZHVwamtnenxqbGlo",0
"fGtxfWV2a2FlbXt9cmZoZ25yZWxwaXBmZ3J9d31reGxxenVl",0
"em1yf3l0bmdleXl8cGZoZHtpZWx8eX5mbWdvZ29rbmt-em1y",1
"cH1_e3ZkfWJlbW95amZoY2lmZXVpaGpmeXNyZ3Bpa2tqfGl0",0
"bmpxfHd1f3ZlZX18aWZodm5qZWxtaW1mZHV-aG92amtxcmx3",1
"fGh9aWtyaXJleG1ra2ZoaW5mZXV8eXxma3dwc25rZ2lxbGp0",0
"e3t7aW1yamJlaWpqa2Zoc2lmZWxnbn5mZnR6YnFqaGxwbmh1",0
"Z3x8a3VmamFlZW1xcWZoc3F2ZW1ubHFmeXRqdW1mfHpxcXdm",0
"em1_cWtpfmRlaWd8fmZoZG9nZXVpamxmemV9cn56eWh7cnln",0
"Z35raXlpbmhlZmx-e2ZoYXxhZW1wbGlmZXV6Ym1pbHpxbWdm",1
"bn1pfHdmcGpldmxrbWZoamxmZWx5e2pmZ3ZtaHx6b3p8b2V0",0
"fWtpaXZhbHJlZ3t7bGZod3tpZW1nanJmanZ8Z2tkZ2pubGhl",1
"b3B7a3hnamllZGp9f2Zod3p2ZXVtan1md2Z8cnB3e25_fGtl",1
"aXBvemR0fGNlbG1tbWZod2liZXVwfH5mZWFsdHBpamxpe2lq",0
"fWxufHlzfXRlem9-bmZoZml3ZXVsenxmaWRycmltfG9qb2th",0
"a2psf2djcHVleWlscGZod3tzZWxqfWxmZHVwcnxncHF7e3pj",0
"aXlqcG1oaXZla2lqbWZoc3phZXVpaW9maWFpZHBlb2t8emdp",0
"fX18fmtpampld3BsbWZod2t2ZXVuaX5maGlsd2lnb3txfmtp",0
"an58bGticWpla2d7amZodH13ZWxra31mdWF6aXxpen1vfW10",0
"e3tsfWpobGRldmltfGZod2xkZW1rbGlmanNyYn5sfG1qfm1h",0
"Z3Fqcmlqa2Jld21waWZodWx2ZW1ve2pmaGhsdnBmbG5pfWdj",0
"bnBxcHdnbXdld3ttf2ZoZX9yZXZ9bW1mZWlwc2h3eGhsbGtj",0
"fGp_a2V3bWJlaHhsfGZoZ3t2ZXVsbWlmZWJ7YWl1fWxsbG1z",1
"Z2tsaWhnenRlaWxwf2ZoZG1oZWxucH1mdnd6cnBreW1penZ0",0
"bm5panp2enJla2lva2Zodnt2ZWxuaHtmaWl-Z3t6fG98fnV1",0
"cHx7fXpqcWhlaXtxbWZoZXxyZWxuaHJmaWZ8dnp6eXBrfGlq",0
"bnt_bmRncmplamtubGZocnpnZXZwampmaHdpc29keWpufm1m",0
"Z29vf3VncHNleH1tb2Zoc39kZXVwamtmZ2Vtd2t3fGhrcmt1",0
"eXtrbHdhe2plZWlvfWZoY3plZXZvcWpmZnJ6c3tsa3xxbmdq",0
"bmtve3hnbHJleWpwbGZoaHpiZWx4an9maGlyanloaH1vfGdn",0
"e2x_bnhlfmVlamdtbmZoYmxkZXVvem1md2h6dW1oem9ubHh0",0
"cHBvcnpmenZlbW5rcGZoaH9iZW18bWpma3RvdnllfW9pamtj",1
"bm97b3pkbGRlaGlxb2ZoY3FnZWx7bWlmdnNxZX1sfWt8f2Rl",0
"aXBte3pyb2Rla2d7emZoaGl0ZWx4bG9mdXdwd3FobXFxaWdy",1
"bX1ubXp0a2hlamh7b2ZoY3JpZWxsbm5memhudW5neHFwfGlk",0
"eGl9a2lhfmZlant7bGZod2poZWxwa29mdXNpcmx4bmh6bXp3",0
"eHFub2pyfmNlZW97a2ZodG9jZXV9an9mZXd6dmp5bWlqcWRm",0
"fHpta21ncXVldml8fGZodHx2ZXZ6cXFmZWVrd3p3fWtpfXZ0",0
"bnx7a2Z0cWJleWhvfGZoanJyZW1senFmemFwZH1keG9rbWl3",0
"fW1vanZif2dlen16bmZoZX9yZW1ob29mbXdtaXBobm5qbXZk",0
"bGp9cnhofWdlanloa2ZoY2ppZXZoeX5mZGZsaG13aHxvb2p2",1
"b35rfHpjb2llbXlob2Zod21mZWx6eXJmZmpxY213bHlsfGR1",0
"bWl_b2hhcGVlbWhvbGZodn9hZXZ5aG1mZ2h8dXBteWlrcGZn",0
"bWhpf3d2cmVlan1qcGZod39jZW17amlmZ2hwZGpraGt-cmdm",0
"cGlvfGp2cHRlZHxoe2ZoZWpmZXZ8fW5meHR-ZXtqcG9pa2th",0
"bnxpa2R1fmJld3xofWZoamllZXZsanpmZGdsZnx4b25xamxj",0
"Z25tfXdpa2lleGd-cmZoanJ2ZXV5bHFmeWRwd2p1a2hte3hy",0
"eHFpfHlicGFlZnh7amZoamtmZXZvcGlmdXJrcm15a3xpaWZp",0
"cGtxf21jbGZleG1wbWZodnBiZW14bW5mZGJvdXBmb21ve21l",0
"fWtpe2xib3JleGlqfWZoZ2lmZXZ5eXFmaHNvZmptam1qanV1",0
"eXpsb2Vzb2FleHp9fmZoYmx3ZW15bnpmbGNtZW1mb29ybGVy",0
"a35vamlicHVlZWlvcGZoaXFiZW1ua3FmdXZ_Z31le3F8f3ln",0
"bG1-b2hkb3dlbGd5fGZod3FqZWx4cGlmdmFsaGt2bW1va2Zj",0
"e2prcGR2e2lla31obmZodW1zZXZoa2xmaGFqY355b2p6amVk",0
"eXxxanhqbGhlZWxqa2ZodH5mZXVwcHFmeWF_dm13cGx-cGdy",0
"fHxqfnVqcmplZ3x7cWZodWpnZW18fnxmeWRwdGt1fHF7f3Vo",0
"Z3t7bWhmcnJlanlqbWZoZmphZW1taGpmenNwd3tsb3pvb2xm",0
"bnx6f2dnfmpla2lpfmZoaXFjZW1qfnxmZXZwZ31oaX5tenZ1",0
"bn5qbmhifGVld29taWZoc3JiZXVpa35meXJqZmtmZ319enVz",0
"em1xbmVhf2Rlem5vcGZod2plZXV5a39mZWZ8am1tfX57bnhn",0
"bHlxf2tocWZlZmpxbGZoanF2ZW1wbX5mbGprYWtnfW98bGly",1
"eG9scGl2amZla3hvcWZoZXFmZWx9b39mZnNqZHplan1ub2Rn",0
"bW1pbGppbGFlamdqb2ZoZm5jZWx4e2tmdnZ6amtle3tqf3pm",0
"a3xscmt0bGFldXtrcmZoZmpqZXZrem9mZ3VxYmttZ3F6fnd1",0
"aGlxbnh1amNla2tqbWZoZnJlZXVqaW5mbGdtZG5rbnp9bml0",1
"am98fGZkenVlaXhpbWZodXBlZXV7cXtmdWFvdWlme2ppbGph",0
"b2x7cmpqcmplaXB-cmZoZnJ0ZW15cX9menJwdXF6fX1qaWl0",0
"bnxpbHVocWVlaW56fGZodm51ZWxneWtmdmdsZ3lkZ2p-bWpq",0
"en5wfWhobmhlaW9wfmZoaWl2ZXZ5eXpma3Vuc251Z3pvanZo",0
"bnF_bXdkbWdlZm1pfWZoZHpjZXV9fntma2Jtc3p2fGtpbXpi",0
"bXx_e3Z1f2plZ3h8aWZodn9qZXVobXBmdmlpaml3bn18cWho",0
"e3tsaXphe3ZlZnlqbGZoZ3FmZXVuaGtmdmVwanp3ent7b3hn",0
"e25tfHVjfnJleGhufWZoaGtzZW1pfHBmdmJranp2a2hubG12",0
"eGh7fWp2cGlleHlqfWZodGtmZW1wenxmZ2hyaHp5fHt_bWpy",1
"cG9wcWpkfmllbXtpf2ZoZm9kZW1pfXpmZ2Z7Y29kb2x-aWti",0
"ent_amVna2NleW9xbGZoam5hZWx6fn5meWFwZWlkaGhrcm1y",0
"cGxycnZkcmFlZW97aWZoaGpoZWx6fHJmaWl7YW9te3FrfWhn",0
"eH59bm1ncXJleWhpcGZodm91ZXZqfnJmZ2prZG1kbHxqcm1o",0
"bWxtbHhpbGJleHh-fWZoY2tnZW1tan5md2d8dH54a21_fHl1",0
"aX1wf2tibmNlbWt7amZoYmx1ZW1naGtmbWpyd35qfHpwfWhj",0
"eW5yandzcnVlZ2lubGZoZGxpZXVraWlmdnRtanp2bGx6bHVi",0
"b3xva3VmcmdlZXlxa2ZoY2tnZXV7cW5md2hqdWxnb2xvfHp3",0
"fG56a21maWJlemlqcmZoYnJqZXZoeXBmd3ZpaWt3aGluf3l3",1
"bHxxfXlha3VlZXxte2ZoaXJpZXZ5cX9mZnd9c3pqfW1wbnVy",0
"e25yanh0f2VlbXl9aWZodW1qZWx9fntmaHV8dWxoaWlwamRo",0
"cGtqf2VianNlaH15bGZoZHBjZWx9fm5mZXJrcnFpemttanpp",0
"eXBscW12bmVlaWt9b2ZodnppZWx9eX1meWp6dntsfWx6e3Z0",0
"aX1xfGRzbnVlam57e2ZodH1yZW14b31md2N_anp3a3prcWhm",0
"fXFqbXdob3ZlZXpre2ZoaG1yZXV9fm9meXJ7dX55aWp8fXpo",0
"Z3pscmx3emhlaW9ofmZocn11ZW1oeX9mbXRqc3B6a21-bXVp",0
"bnF_anlqcmNleWxwfGZoZnp1ZWxocXJmaGR6ZHlpZ3l-fWVm",0
"bnxpanZib2plbHxrbmZoZGxnZWxsbnJmbGZwdnFqaWlqbHV3",0
"fW1pfWpof2Zla3xwaWZoZXJyZW1rcXBmaWh6dH1penpqfGZl",0
"bG5scnV1a2Zlanx8aWZoYnppZXV7b3BmaGd-dXpsa357a2l1",0
"eHx8b3pje3JlbGd6a2Zodn50ZXV4cW1meHJqcnF5b2xyfnll",0
"bWttbm1lfWhlZXp-aWZoY3BqZXZwfnBmanZsaH5mcG56bnVl",0
"cG97e3d3cWdlZXBqcWZoc21jZWxobm5mbHNvZ31nam9scXZ2",0
"cG5uanVicWRlbWtucGZoc25hZWxpfm1mZGZtYXF5eG19e3dn",0
"cH1qemxnfWlld25vbGZoYnFqZWx5fXxmemRyZX5teXB6bWd1",0
"a3F-f3Z2a3VlaXBob2ZoaW52ZXVpaXBmZnR6c2l2a3FucWRk",0
"aml6eml1bHdlbW1pfGZoZm9mZXZ9b35mdmV6dnl2entwfnd0",1
"cH1ub3pqe2dldWlrb2Zocm1kZWx9cHpmdmRxdW5oeWp6fGhy",0
"cG5qe3ljbWFlbHxwe2ZoZ2xjZW1tb3BmaXd-anBmfXt_a2hn",1
"cH5pe3lhaWJlbXtxbWZoZW53ZW1nan1mbGV8aX54eGx8fHpo",0
"bX1yfWlye3Nla298amZoZW1lZWxobXxmbXZ9ZHB5aXB_bWdy",0
"bW9rb2h3a2hlbWd-amZoZmpoZXVnbmxmdmV6YXBre3B6cGRp",0
"enF6fmdiamFlZGdtaWZoZn9oZW1ren1maXNtYmllcH5-amty",0
"fX5te2xla2ZlaWttcWZoc3xzZXVncXBmbHZsdXtrbXl8cG11",0
"aGlxf2pmfHRlbHtxaWZod39iZXZsfH9md2R7d2l4eml9f3h1",0
"a316bWZka3ZlZm5qcmZoamppZW16eWlma2dvdWh5bGhybHZj",0
"a3xraXp2enZlemd8cWZoc39zZW1wbm5maGVpZXxrcH5pcGt0",1
"aG5rcm12bXRlaWpufmZoZ3JoZXVue31mbXR-Zmpmb29yb2li",0
"aX5vbWRke3ZldmtpfGZoZnF0ZW16cWlmeHRwdm5naXF7cXhk",0
"fWpva3l3fmplZ25sa2ZoZnpyZXZ6cW9maXNxdmt2am1saWRh",1
"aH1ybHlpfGRldm5ufWZod25nZXVqfWlmZXR7dnl3anptbXhj",0
"aXlpbG11cnZlaHtrfGZoZn53ZW17fWlmdWJuc2ltemhqbWZ2",1
"emtta3lhcnZlZ3t7bGZodnJ0ZXV8anxmaGVwdXl5amxwb211",0
"eXpuemV0emJldm9-aWZod2pjZXVqbGtmaGZ7Z2ltenx8e3V1",0
"emp7cmh3fnZleG1wcWZoaWx0ZXVnfnJmeWZqaGt4am18amdp",0
"an1ybmdzbmNlZ2x-fWZoc3F0ZXZ8aG1mZmRtZHB1b29vbmxk",0
"fW1uamVoamZla2drfGZoZGxmZXZnempmZXJ_c2xmeW17fXdm",0
"aXt7cWl3andlaHBxa2Zoc3JmZW18eXxmZWV7cnx6eHprcnl2",0
"cGlrfXdlfXdldnl5fWZoZWt2ZXVpfG9meGp9ZHp2bHt-aWtq",0
"Z217fXdkcmJld2h9aWZoaGtnZXVna2xmaGJwdm91aXp6cXd1",1
"aXxtcmdzamlld3l7aWZoZ39lZWx6an5mdmJ-aWx3b2hscWx0",0
"cHp9fGZoaWRlaGp5fWZoZGlzZXZnaH5mand6dWlpaGptbWl3",0
"aGpwcGZha3RlZmd-bWZodH5kZWx8eW9md2RyZmhsbn5wfnVy",1
"fH5xe2xibmNleHhtbWZoY252ZW1pbG1meGZrdmhkbHp7b3ll",0
"b25yfGdlfHVlbG5ubWZodmtnZWxteXBma2VwZXtla29ucnpq",0
"enFwfHdjbHRleXh9f2ZoZW1qZXZtem1md2N_Z3lment8bGhq",0
"enxqbW10fWFleWxva2ZodnBoZXV4amlmZWN-dHFra21rb2xy",0
"amxpaWVpbmNlZGtvcmZoY39hZXVte3xmeml8am94aGp7cWZl",0
"eHB-fGx2f2dlZXx6e2ZoZWppZWxrfW1mdmd8Y2hoeX5yfHZ3",0
"eWp6fWh2a2FlZH17fGZoY3toZXVsaHpmaGNrd2toeG9wbGlp",0
"cHl7cGZjfXZldnp-bmZoZWtpZW1vbGtmZHR8cnxrfX1vcHlo",0
"b3lya3Zyf3Jla31obmZod2p3ZWxqcH1meHdyd3ptem1rcHli",0
"aXtqcmVmenNlZGlxamZoZmphZXVre2pmd2RxYXpreWhpb2xy",0
"fHF9b2t2fGdla3l6fWZoY3B3ZWxofmxmdnRrdWh2bWtxfHdz",0
"aXBqend0f2FlZnp-e2ZocmpjZXZqamxmd3R6ZWxlZ29-bGRl",0
"eGhra3doaWllZnBwemZod3JqZWxwbX9menNvYXFsbm9va3pi",0
"eH1saWxzbnRld3BvcGZocnBhZW1ua39mamh9Z3Flanx_bndo",0
"eH5qa3hqamdlZXlrb2ZodHp0ZXVtbHpmemFwZG96bWl6bHpi",0
"bW17f2VzcGllZnlpcWZod3ByZW1nem9mbGF-an1ne2pqand3",1
"eHlvbXV1b2NlaGlqcGZodn9nZXV8amxmZGhxdn54eH17b3V1",1
"eXFvemRzenJlZn1va2Zod3pqZXZnfGlmZnRxdWtqbXpsbHd1",1
"fGt7bGtif3dldm5sa2Zoc3FjZXV4fn5maWFxcnlnaWxtenZ1",0
"fXFucnVoamplbG95bmZoZ3xmZWx9aHFmeXVvZn5lfWh9amhm",0
"fXl_bnVhamFleml-a2Zodm51ZXZteW5meWRxYn5mbHp6amdp",0
"fX5venhjfHdlaW9wcmZoZm53ZWxne3pma3V_anpsZ3xubmVn",1
"cH1tbGl3cXRlZXh7e2ZoY29mZW19aWpmdXR_dXp2am5tcHpz",0
"b3pqaXZifWRlZnlwfWZoc351ZXVraXJmd2J8ZWl5b2lsbWRp",1
"bGhwfmlobmdldXxpcmZodXFiZW1wbnFmdWZtYWp1aHFsenln",0
"bG1rcmh1b2hlbXp-fmZodH1jZWx7fWpmemNwYm1re3lqbHlq",0
"aXtqe2tocWJlZmdsbmZoZ21oZXZ6cG9md2F6anx4am1sbmZi",0
"e3B8f2xpfWlldnt6fWZoY25jZXZ5aXBmZnJ6Ym1qfXx8cW1j",0
"eX1-cWp1b2RlZmt5b2ZoaG52ZWxvbG5meXRtZGlmanpyemVq",0
"enx9fWRnbWlld2tsfmZodm11ZXVoa35mbGd-amt4cH5rcGRh",0
"cHF8anZqf3NlZnx6bWZodWppZXZrenJmd2JudnxsfX5uaXll",0
"cH1paWx3cHNlenx8bmZodX5lZWx5en1mamRrdmx1aXl6aXZk",0
"eW57cmZlcHJlanh9emZoZHx1ZXVqbG9maGd9dntteW1venpj",0
"aHx7fXVocWdlaG9qemZoaX90ZWxvbH9menNvaX56fGh_b2pm",0
"fGppfnp3aWRlbWt9emZodGtkZW1sbGpmZ2R9Z3FmcHl-cHVj",0
"fXFwb21lfHVlant9f2ZoY3x3ZXZ8aHtmdmh_dm9oamhvcXZh",0
"aHlqcWl3b2RleGtqemZoaXJkZWx7fXtma2l9aXl2fHxpf2Rq",0
"bW1tf2ppfWdlZGhucWZoYntpZWx8fWxmbHdtaXBre3lxfWxk",0
"b296bXhqbGllZG5pa2Zod3tlZXVofW9meHd9ZH5teXBue3Vm",0
"aHl9fGtpbmdlZWhvfGZoZH1yZW18anpmbWVwYXBneWx8cndj",0
"cHp6bWhzb3ZlaHlwe2Zodn10ZXZ4b2pmZ2J7dW96b2pyb2di",0
"bmx9fGtpcmJldm1vbWZodmt0ZXVucXtmbHdudHFqb3p8b3dj",0
"em1vfXdlfGZld31qaWZoZn5mZXVubn1ma2p8cmhnam1_bmpj",0
"eHBuf2lqenVlaW1wf2ZoYWl2ZW16fHJmZWFrYXFsfG9-emZp",1
"fWt9aXVyfHVlaGh6fGZoZ2x0ZWxncH5md2J9Znpta3pya3hi",0
"eGxybnppbmdlaW9qfGZodHtzZXVncW5mamZtZnxse35pamVy",0
"b2xtaWRkfWJlaGt9emZoaGt1ZXZuaHtmZnZrZGptemxyamxk",0
"bGpvcHdnbnVlZHB-cmZoZ3tpZXZscX1manJ8Z253aG1xb3Vy",0
"cGtqbWlzbnJlenp7a2ZodXBhZWx9cX1mZWV7dH13a2lqcm1m",0
"en1-bmx0a3VleHB-aWZoc3JoZXZse3Jmeml7Z3Fsam9qcGdi",0
"aHt8e213bmdldmtxfmZoYm91ZXZ8e39mdmlyZXB1eW16fXVh",0
"e3FvamVkf3Vlem56cmZoZHp3ZW1rfHpmZ2lrY3ttbm56cmt0",0
"fHx9e2tjbmFlZXBtcmZoZ3xlZW15eX9mamdvd254eW1tbGxh",0
"eG5sa2xyaWFldXp9bGZoZn5qZW1tfG5mamptcm5ocG9rcmhy",0
"cH17amljenVla2dxfGZodmpjZWx4aGtmeWNsdHt2eWlybWx2",0
"b216emh2fGNldWlsbmZoYm5pZXZwfXJmemhqcmtpfWpqfmp0",0
"aHpyaXphb2Jldmp-a2Zoam5jZXVnanJmZHNxdWl5bWxufmVj",0
"a2tycXVqfXRlbWxxb2Zoc3JzZXZ8e3FmZHdscn11aHBwaWxk",0
"fGhuf2VicWhleWpve2ZoYXt1ZXV5fX1ma2FvanxmbWpqcnl0",1
"cHt9a2tobmplZHlvb2Zod3x0ZXZobn1mbGhuc3trbnlyfWli",1
"eWx-fGZkfGJldWpucGZoZHFzZXV5bW9mZGR8YX1seGp7cmdz",0
"b319bmxjaXRla2h7cWZoYXB2ZXZobmpmaXZwc3BocGlra2d3",1
"amhwcG13bWhlamd6amZoaX1zZXVqfHBmeWV6d2hpaHFuemd0",0
"e25pamxkbWJleXBxf2ZoY2pyZW16a35maXV8Zml6Z2lpbWdk",0
"fW5re3h3aXNleWp-cWZoZ3piZW17fG5ma3VyZ29saHtrfmxj",1
"anp7f3d0b2VlbHl9e2Zod25hZW15aGlma3dpZH5qaHlucWVq",0
"amptf2hybWZlemh8bmZoYW9zZW1qeXxmeWRuaX1ob29rb2Vl",0
"fHF7cmtifndlbWdqcGZoZm5nZXVsb39meGh-Z3xpanlue2tn",0
"bn1wamh1bHJleG18emZoY31hZXZvb31meXRuY25ke2txemhm",0
"bWh6bGdqfXNlentua2ZoYWlyZXV4bG5mdWFrYnt1e3tufWto",0
"aGhrandoaXJlZGlvf2ZodW5zZW18b3xmZWRydH5qZ31wcHVz",0
"eX18bndna3Rldm9vfmZod2tiZXVpaXtmbXd9aWlsen5xe2p3",0
"aW5pb2xzfmZldW17bmZoZX1qZWx5aH5mZnVxZ3lrbWx9bWVl",1
"e3Ftb3djfHNleW1wbGZoZmxlZWx7aXtmZHZ-YnF6empycGR3",0
"amt9cGtobGFlZ296bGZoc3toZW1ueXBmaGNwdHlteHxwa2Vy",0
"cHt6aW1pfHRlbWt-emZoaX92ZXZ4cWtmaWh-c2h2eWptaWdp",0
"eXxwbHZyfGZlanp8bWZodntzZXZoeWlmdWF8dWpkfWpvenVy",0
"bHFwcmp2aXJlaXh-cGZodm1nZXZrbH1maWF9d3F1eHxybGhk",0
"aHBxbWt0aWJleXBpfmZoaXp3ZXV8enpmemJ9dntrZ31ub3hn",0
"eXF8bXlka2hlZn1xbGZoZX92ZXVwfGxmZXd_ZHpqaWlyaWlk",0
"fGtqcWdkb2NlaHlsbGZoZGpoZXZ8bX5ma2lud31lbmtrf2Rh",0
"fWh_fnZ2cGVlZm19a2Zoam1oZXVranBmeHJwYntrcHx6a3hn",0
"Z31wbmtlfHNlbWdramZoZHBzZXVwbnJmZWp7aW5mfX56cGRq",0
"b2l6fnhmfnZlaHhpbWZodHFqZWxuaHFmZ3NwdHpseXBybHpq",0
"e3x-cXZqamZlbWhpamZoZ392ZXZnamtmdmNyZG1reWhsbmxz",0
"bWppb3Z2aWplZ31ubmZoZGtpZWxne29md2dtamt6eHtvfHZj",0
"Z2x_bGxmamVlZHtpamZoZW51ZXVtcW9md2pyYXxremx6f2Vm",0
"an5ub3l3f2ZlaXB-fWZoZXFzZXZ5eWtmZmhqZnx2anB-f3dy",0
"a25xbW10f2pleHlta2Zoc2xpZWxra21maHNrZm9kfW97e3pz",0
"eW1ya21ofWplaHxsbmZoZG1zZXVuamxmbGRpaWltanpvenll",0
"amhqbWd2a2ZleH1ucWZodntzZXZ6aGlmdXVudnxnbW99bnVn",0
"e2tsa3dqfXVla3xramZodGlqZWxnb3JmaHN8Zml4aXxqbHln",0
"aG1raWZhfnNlZmppbmZoZW91ZW18e31mbWVpZX5pfXluaWVn",0
"a21ya2Zqe2dla257aWZoaX9yZXZuentmeGd9ZWlsenB7f2hn",0
"bGpsfWx0cXVla257cWZoYnt3ZWxscW5mdnR7ZnF3Z25-cGt1",0
"fXlpe3Z2cXZlaHh7e2ZoYXpzZXZqfWxma2RuaWt2b3lwb3hq",0
"aXFvemxkb2llaX19e2ZoZHJ0ZXZwfW9ma2RrYm9manl7bXlo",0
"fX19bmRocWplbX15amZoZ3BqZWxwb35mbXdrc2xme3lscnZn",1
"bGlubGhlfXJleG5rfmZoYmlkZWxpa3pmbXJwanltam9vfWxn",0
"eHxra3pja3RleHB7emZoc290ZXZ8fntmbGh8dmxme3Fxfm11",0
"fHtwf2lmb3VlentraWZoc3J3ZXZ9a2xmeGhuYXx3b2hucHdi",0
"fX18bWRjcHZlaG1saWZod25qZXV8cXtmendxdntqaHBraXln",1
"cHpwa21kbHNlZXx9cWZoc2tpZW1tanpmamRydm9qaWh8bWdh",0
"bH5sb2Zjb2FlZ2x5bmZodGtlZXVnfmpmenZuaG1pZ3lxamZ2",0
"Z31wbHlobGJlaGlxb2ZoaW1kZXZ5cHFmeWNxaX56eHFtbWRp",0
"fHxqaWhkcWplZXp6bWZoc29mZXVva35maWNudG9ma25xbmxo",0
"amhwcWV3a2dleGpte2Zoanx1ZW18fn1mZGFpdX5obnt8emll",1
"a3p6cm1pa2dlbG18fGZoYX9zZXZrcHxmZWV6aGtqa3tyfmp0",0
"bHlrbWlkf2Fla319cmZoan9lZXVqeXtmbWptc25lfX5-cndz",0
"b2twampha2Rldm5oe2ZoZntjZW1sem1mZ3dudXx1a3twcXVh",1
"fG1ucGx1e2JlbXt-f2ZoY35qZXZ9eXJmZWN6ant1bmt8bnl2",0
"b2pwfnljfGdlaGdqcWZoaH9zZWxramxmbGh8aG93aHpxfm10",0
"b357bHZ1b3Rlanp8bmZod311ZXZ8eXpmemN6dXBobGp_emth",0
"bG9ubHZjfmhlbW1obGZoZGxoZXVtaXtmd2d-ampnb3lpaWx0",1
"eGlvcXh3cGllZWdufGZodnphZXVqeXpmaHNwam5kaWxrfWxm",0
"aGhrcnZpcWFleGh8emZocn90ZXV5cHpmZGpqY3xkaHttf2h0",0
"aWx8fWZhfXNleW9of2Zoc3toZXZ6aH1mZGltZGhsbHprbXlq",1
"ampwamZyf2pld2pvbWZoZm90ZXZoeXJmeXNsdG1scGh-bmly",0
"em97bGZqcmFldmt-a2ZodG9zZXV4aX9mZWV8cn13Z3t8e3lq",0
"bGt8bmtqemJlZ2txfGZocnt0ZWxraXxmeWF_ZmpmantvcGZk",0
"b35_b2p2cmNlZ3h8emZoanJ2ZXVoamlmZ3dqZmple2h8bmph",0
"fGx_f2Vqe3NldWtxemZoY31mZXVwaW1ma2RxdHp6a296cGdh",0
"eGx7cHdycWdlbXt6fGZod3t0ZXVvb3xmZGdwd3Fmam1uaW1l",0
"a3F9bGRke3ZlbWhtbWZoZHx1ZXZ7aGpmaGR8Z2lpbmhucnZm",1
"enFybXp2cmRlZGducWZodX1mZW15bmpmaGJ9d2tla2lrbWx1",0
"Z3t-cXpyandlZnB7cWZodHxnZW1qfmpmandyYmtna3x_bHdy",0
"fXp7bnVmbmhla2tqf2ZoYWxjZWx5an9mbGdyYm9rfHF9cmd2",0
"cG9-bXplcGRla29-fGZodXFiZWx8aHpmbWl_aG91Z2tybGpl",0
"fXl9e3libGllZ25qcWZoaGx1ZWxscHxmeWVyZ3xra2x_aWlo",0
"eGxubXhifnVlZHl-aWZoaW9nZWx9cXBmaGZ6aWhmanptf2hi",0
"eGtxemhne2VleWpvf2Zoc2lzZXVvcWxmanNpcnx5Z31vaW1j",0
"em9vf2dofnVleWd7bGZod3BqZXZne21maXRpd2xmfWtqcGRl",0
"amlxcXV0fGJleW95bWZoZnpqZXZ4aW9mdXJ-c3FmaXp-a21j",0
"e31-amdmaXNld2l-b2ZodWtlZXZ6bnBmamZud2p3a2lpcXVi",1
"b3FqamZoaWllaXt8amZoanBpZWx5aHJmd2ludmx4bntxfmt2",0
"eWtqfmVzcmRlZmh8e2ZoaH5pZXZ8bW5mdnRtdWpmbnp_bHZm",0
"fW96bmxkaXdlaWlvbmZoY35zZXVwaHJmaXJsdXx3eWxrcGdl",0
"eWlxcHl3bGJlZHt7cGZoc3tmZXZ7bWxmbGZ7dWlqbGhucmlm",0
"aHl_cmZjamNlemdvcWZocnplZXZqbn1memZ7am1oZ29raXpi",0
"e29wcnd3amVlZG1oamZoZHBhZW18anJmd3VxaXp2aGx-cWh1",0
"a2xufWZqfmJlaWlobmZoY3pkZWx6cGxmbWdpZml6Z259enV3",0
"cGt6fXdqenJlaGpscGZoY3B1ZXV6enJmZmJwdW56fG1qcGl2",0
"eWt_e3V2amJlZW9ucWZoYmpoZWxneWxma3VtdHlteW9xcWpo",0
"aH59fG1kfHNlZWl-b2ZocmxiZW1qaW5mamhqam16bW56bWxn",0
"fG5wcWt2cnNla2hra2Zod3BnZW1wa3tmamN8dW9sfW59fmdy",0
"amt-b3Z2bXdld219cWZoY3pjZWxva39ma3VsYXtnbmx6fXVh",0
"Z3BxfXhkbmhlZnt5fGZoZHx3ZXZra25mZmZxZnFma3p_cmxo",0
"aWh-anp1ampla31vf2ZodH1mZXZva3JmbGJ-dmpnaHlycmdh",0
"an5pb3hpe3Nlam9uemZodWtkZXZ6aG9meXNsYWhteGxxe3ll",0
"b257cWVnandlbXp8cGZoc39hZXVqcXJmbXZuYm14eHFpamxi",0
"eW56bnVhf3RlZ2xvaWZodHtiZXV9fHJmbXN-Zm96bmp-enZk",0
"b3ptcXlyfXdlanBqfGZoYW9zZXZqenBma2NsanFqeW5ybGhy",0
"e2t6e2xie3ZleX1rfmZodXFlZWx9fGlmaWdpZGhpeXl9emZy",0
"b2x7a3l1enRlaWxtbWZoc25oZWxnbW1maGFxYnBle3lqf3hz",0
"bH19fWV1fHZlbG1xamZod3ppZW1ucXFmaGpsZ3loa2pwanp1",0
"eH1yfmZyenRlaXxwcWZoaHxzZXVwem1mbXVqc2lke21qb21i",0
"bWtpfGp1a2plaH1pbWZodXxlZW14b2lmd2J7ZXt5b358cGtk",0
"fXtyfXVkf2plaGhscGZocm5pZW14eW1maGJvanB3eWx8fmdp",0
"anlwcW10f3VlenxxcmZodm91ZWx6fW5mbWJwZ31taG56f2t3",0
"e317bWxjcmhlZGh6a2ZoZ21yZWxrfX1mZGd7dmhlZ2luamVh",0
"aGxxampmfGJldnB9fGZoYm12ZXVpfm5mZmZ6d3Ftemt6bnZz",1
"Z3txfm10emZlaX17amZod3J3ZWxse2pmZmRycm5ncHBtfnpy",1
"eWt_fGRyfWFlamtxbGZod39hZXVocX9maGFrcnB5cGtsanln",0
"cH5wb2hqfnZlZn1paWZoc3x1ZXZ6fW9mZ3Rsd21lfGl8cHp2",0
"e29saWVifWplaWl8fmZoY353ZXVuaW5mZXJ_Z3tteX5rbXVj",0
"a2txbGlob3Vlemd5fGZoYm9nZWxqbX9mbHJxZ3F3eXBwcG1m",0
"eXt9bmhpbWNldmdse2ZoZnpnZXZobWpmZXJvc3B5bmhxemlo",0
"aWhqbml1bXZlbWd8cWZodnpzZW1sbXBmdWptaGxoeWhycWRm",0
"eX5wcWx0amJlaHBvemZoaXJnZWx8bH5mZ2lsam5rfGp9a3hy",0
"e2txbmRobGllZXl6fWZoc3t0ZXZ9eXtmZWRpanFlfXp8fWdz",1
"bW5tcGh1anZlenlpemZod3x3ZXVscGxmaWFtd3t3eGhpamli",1
"b3BsenhjcmhlZW97f2ZoZWliZW1uaGpmd3VpZW5renF_bnh3",0
"b258b2Vyf2FlampsbGZodn9lZXV9emtmemZpY25lb2ptfG1y",0
"eG56e21kf2llZmp8fmZoZmplZXZ8aH1md2p9YW52bGx8b3l1",0
"eHFpfnhhb2ZlbW9ucGZoYml2ZW1vemlmZGJvcmp2aH1scHZq",0
"fWluf2R1cXJlbHp6cGZocnp3ZXV8fX5mdWRtcn5sZ3FqaWpl",0
"a2hpfmtkaXdleW96b2ZoZXtoZWx4bGlmaXVudWl2Z3B-fXdp",0
"e25yfWRofGFlaHxve2ZoZ3tnZW1uaWtmeXR7dWxtfX16fGVq",1
"fG1pcGthcGVlaXx9bGZoc3JzZW1rfGtmZHVydnt5fW19amp2",0
"b3pranhjfWVldmhrbmZoZG9lZXV8em5meGVtZ2lkaXpvfGdk",0
"b2xtfWtoaWJlZX1qaWZoaXxpZXZpampmbGV7d3Fpa3xucXpz",0
"a3tta2R3cGlleWlwamZod2l0ZWxqenJma3dwdm93enl9b3Zh",1
"e25pf2ZkaWplZ3B-cGZoZG1pZW16aWpmd3Rrd2tobHl7bHh2",0
"aHtvfmZnf2ZlZXxsfGZoZ293ZWx5aHJmanZ6YnltaG5wbGZp",0
"aGxqcW1ifmpld3xra2ZoZm5kZXZncH1mdmhwYmtobXtsfnll",0
"cG19fm1pf3JleXl9fGZoc31hZW18a2tmaGFpY2tka2h-bnpm",0
"b2hxb2VhfGhld3x5cGZod31jZXVqeX5mZXd-Ym15bnp7bGh2",0
"eW17anV2bWllemdva2ZodXBjZW1qa3tmZnV-Zm92fW16cGZ0",0
"bnx7amxhcnNldWpucGZocnJqZW19aGpmaXJ7dXB4eG9saW1m",0
"a2xta3ZlfHZlZ2pocmZodXxqZXZ7fWxma3Rwcnp4emt6cmlp",1
"bnxpcXZoaWRlaGhpfmZod2pjZXZtbGtmeWFrZH51am5xanli",0
"b3t9b2xjfXdlZ2dsa2ZodG5iZXZrfHJmZ3RuZ3p1Z2lwenph",1
"bG5_fXhmfXdlbG9vbWZoYWx0ZWxtcXBmd3Vydm1neXt_fXZo",0
"fG56amthcXNleX15bGZoZn53ZW1ueXpmbXV9Y2pkaHF7enhp",0
"bnl-amxyb2JlZH1tfmZoaXJmZWx6eXFmaHN_Zmp3eGtubnlp",0
"bmpucnhla3JlaHhvfWZodHBjZW1scHtmd2ZvYntnbX5xcnZm",0
"b3tvemtkfWRlbGhvemZodGl1ZXZncHxmeGZsZnx6eW9ybmho",0
"aXx_fGxqfHRldn16emZoaHJ1ZWxsbHJmaGVvZX5pfHlpfnhm",0
"em5vandqaWdlanhtamZoYXJhZW1nempmamFydWlnZ2x8cGhm",0
"aX57b2xkcXZlbGp7cWZodHxhZWxtaW5ma2F8ZGtnaGlrfWZq",0
"aG5sb2VyamdldXxtbmZoc21qZWxqbW5meHVyZ25sbGtuf3Vk",0
"eWh8cHVzcWFlZXtoemZodm1kZWx5fXBmeHJ7dGhlbG9_fnV1",0
"em5wcnhpamhlZWp6f2ZoY3p2ZWxoeXBmd2J6YmppZ3xyfmRm",1
"entsbGx1f3Vlam9rbmZoanFmZW1scW5mbGp9dHBkaXx9b2Zl",0
"eml_fGhja2VlZGtscWZoYX9oZXZ4e2lmbWV-c3x4bmtqcmxy",0
"am5ufHZ3cGllZXl9cWZod313ZXV5b35mdmdudWlsZ29ta3do",0
"fW1tbnZkcHNlamp9bmZoY3JyZXVteXBmZGhtZW9rcHpqf3d1",0
"bm9qf3h1emVlZn19b2Zoc3FkZXV6a35ma3Z_d3B5a318e3di",0
"Z2lqe2lnbWplentufGZoY3p0ZW17enpmZGF9aXxnaWlvfXVm",0
"b298cGRobGRlZWxwfGZodH53ZW18bXtmbWd8aGxoeW1_b3hk",0
"eXtve2h3cHZlZG5obGZodnJmZWxob39mbHN8aXxsa216fGhn",0
"fHx_andza3dlbG99bGZoaG9zZXZocHJmbWJqc35mcGp_fml1",0
"eHB-cmh3anJlZWdpcmZod39pZWxnaXJmaHRxcm5oenl9cHlo",0
"b2xybHlkcmRlamhqemZodHphZWxte2lmbWV8ZXF1emh6cnp3",0
"bGx-e2tmemRlZm16e2ZoaH91ZW19b29maHV-dHxnaGtpbmVi",0
"Z2l9fm1ne2hlbW9obGZoc3tjZWxnb29mbWVpdW5laXp6fHV2",0
"fX19fmZpfXJldWpoa2ZodXB2ZW16a25mamVuaGh5Z2hufWdp",0
"b2h-emtpbmlld2xxbmZoc2lzZW1raGpmeHVqaXt1fXB_f3V0",0
"bnx-cGVmaWhla3p8amZoZX9kZXVtbHBmeGFtdn11fHlsbXdk",0
"am5ucnlnfHdldXltbmZoaGtzZW1wfn1mdmd8ZHl2cGl_a2t3",0
"anpwbW11fHJla2dpf2ZoZn5qZW1nanBmd3J6dnx5fWtybmRo",0
"e2lpemdpbGlldm99fWZoZW5kZXZvb3JmbWRxdG1mfX5vcHll",0
"cHpxbnl1bmhlZG17emZodnt3ZWxwbXpmd3ZtYWxrbXtrcXlp",0
"aGt-cmVycmdlZG5oe2ZodXtyZXZ8eXpmZ2Z9d3Bta2t-aWV2",0
"cG59bXhob2Jla3hte2ZodWp0ZXZ5an9memJwaGtnbnBuf2h0",0
"Z2p7aWV0fGFleG59fGZoZW5iZXV9cHtmbGNsc2t4b25sfmZq",0
"bmx7fGpze2ZleG9temZodGxqZWx6bG1mZHRyZmpnfHl6enpj",0
"cGptcWRicnJlbWdtamZodHtkZXVnbGlmemZ9YWtkaHB8a2lk",0
"aG5ue3ZqfXJlZ2dtbmZoc2lnZW14cG1mZ2NxdnF6fXBvbHpm",0
"e3xye2tpbWpldmpre2ZodmlpZXZnbXFmdmZrYm14bXxybm1n",0
"emxua2tha3RlbHtxemZoc35zZWxveWlmd2ZrZnp5eHp-bGl1",0
"fH1vamRibWpldWp8b2ZoaXJlZXVpaGtmemNyc3lsbW1wfXVh",0
"cHB8bGllcmdleWlrb2ZoaH5lZXVsfHpmbGRsZmx4emp8bmtz",1
"cH1sbGppcmNlZWpxa2Zoc31yZXZqeWxmeWRuc3B1bntybmpn",0
"bnlsbGx3cWllem1pe2ZoZX9zZWxoaX1mZGZyYWt6aGx-bHlo",0
"aG5ycnZ2cWhlemxubmZoaG52ZXZsfnBmZGFwZWptcGhrb2Rz",0
"bm9rfHp0fmNleWlubmZoc3t3ZXZ5bmpmemJvYnx4aGlrbXVo",0
"eX1ramVocWZlZWxxaWZodHxmZW1wem1mZmJ8c31mamppfnVl",0
"Z2tscGRobWJldWhvfmZoaGxzZXZrbXxmaWh6d212bGp8anZh",0
"aXpucHhobWRldn1va2Zocm91ZXVwbmpmZ2FyZnp5fWt8f2x0",0
"a2prcW1kfXRlaGh8bGZoamthZXZ9fGpmZWd7an1naWlva3Zz",0
"fX1tcWpkaWplZnl9fWZoYWtlZXZ8aHtma2Rvanlse25ufWR2",0
"eXF_bnlobGJlenh-fGZoYW1zZWxne25mZXZsdnlse3BucWVh",0
"aGhrbmh3b2RleHp6fGZoaXtiZXV5en5maGltdntpaH5remZh",0
"empwaXl0anNlaHtqb2ZodHB1ZW1raWxmdnVpZW1qaHp9amp3",0
"eHpwbG1za2JlbXxxfmZoZX9lZWxqaW5mZmhsZWpkbHF_aml2",0
"bG17f3pzf2Fldn1pb2ZoaHx3ZWx4bmtmZHN8aXFpbW9te2do",1
"amp_fmZ0bWNld2t8aWZoZHpjZWx9an9mbXR6aGt5emtxf3hp",0
"enFxaXZjemhldnBwcGZodHx0ZXZscWxmamZ7YmltfW9pcnZo",0
"fXt8cGdhbGVlZG1scGZoaHtzZW1ven9mbXN8YXF5b3FycXhm",0
"b3lqa2xyf2dld3luemZoZH5hZXV8bnJmemhqam5qaGprbHp0",0
"e3FqbmZ2amFla3t7bmZodGlzZXVve39menRqdmp1em16e3hy",0
"aW5qbmloe3dlbWlta2ZoZ3xzZXZ6bGpmd2NtYWllZ2xwe3Zm",0
"bWprenloaWJlbXl5aWZodHtkZXVtbGxmd2VsaHtmbHFsbGhj",1
"b3tycnp3a2lleXB6e2ZoZXtkZW1sbW9mbXVtYnpoa3x9cnp1",1
"a359b2Vofndld3prcGZocn5zZXVrbn9mZ2psZH16aGxwe3ph",1
"bG5wcndocHNleHxte2ZoZ21lZWx9eXFmdWNwd2lne21wb2lk",0
"bHt9a2xyfnZld3hubmZoZn1oZW1vaXpmbXNyc3B6b3t-fHpk",1
"fW9tbnZjaXZlZXx7cWZoZG5hZW14bWtmZWhyZn12amtqbWZ0",0
"fHBsbGx0bmJlaW96f2ZoZXJjZWx8cGlmaXZuZXt1emhucm1n",0
"fHBpfWxmendldW1-fWZoZ3xmZXZpcX1mZ3ZyYWp1bHxqfmZ0",1
"eX1-cmR2e3dlem9wcmZoaXFnZXZqaHpmeGF9YW9namp_fmtj",0
"cH5pfHZjamplaXx7cWZoZW9mZXZsanpmeXdqZW5paWx7fWpl",0
"fHFxfmxoa2llZG5scGZodn1pZW1vcWlma2RsdXxoe29ub2lp",0
"am5qcmdnbmhleG15b2ZoZX9jZXV8b3tmZmdwaHx5Z3x7cnhl",0
"eH5qaWd3e3dlempofGZoZ3t1ZXVnfnJmdXRpZ29memh-bnlz",0
"bnBybHhjcWdldWxwbGZoZ2lqZW1ncH1mZ2Fyc2hqbX5ta2Zo",0
"e3psbG1jbGdlZnttemZoaHBmZXV9fmtma2hscn1kfHptcWRz",0
"aWpwa2V3amFla25-f2ZoaG5lZXVqcHtmend_aHtqfXx6cWh0",1
"aG17fHhzfnVlZ3h5bGZoc2pyZXZ4fnJmZmZrZWl3am98bXdj",0
"aGhtamhkfGRlbHp9bmZoZX9yZXZsaXBmaGd_aW51b3lvemlo",0
"eXxxe2lqanNlbXtrfGZoZWt1ZW1uaX1memFyZWx6a21qcGdh",0
"aX5sf2dpanRlZ3BxamZodmt1ZXZ4cW1mbHV9Zn56eX1ub2xl",0
"fG59f3hqbmNlant8e2ZoYXFiZW1tbXFmenZycm5taHt8bmx1",0
"a21xbnpzfWdlbHl7fWZod3BlZW1tbXBmenNqYXtqfGxtaXhq",1
"emtuaWd2bXZleWtufmZoc2p0ZXZ9a2pmanZxYmplbHB_cnV3",0
"Z319bGZzfnJla2duaWZodXx3ZWxwbGpmd2hrZHpsaG1vamRp",0
"fXB7anpzcGRlbH1wcGZodnxoZXVsa2pmbGdrdnx6eG5_fndq",0
"eX1tf2tla2Fld2poaWZoc3t1ZXZrfW5meWh8ZX5qeWttcXdm",0
"fGh8bmhobWFldXx5bGZoYWxzZWxtcHFmd2ppam1oZ2h8fWxm",0
"cGltf3V1b2dleGdpcGZoYn5jZW1uanpmbGl_aXtseGpqf2do",0
"Z29wbGxicmJlaXx6fmZoYWl3ZXVqcWlmenJ6d2ttan17bGly",0
"bHl8cXpqamFlZHtwamZoZnJ1ZW15fntmaHNpdXt4bW1tcHhi",0
"e25_fGRkcnVlZXh7b2ZocntpZXZ9aW9manZqaG5nfW5wbXdk",1
"aH5tbXlhbHVleXpvfWZoaG9lZW1qemxmZHd8Y3BtenxyfGly",1
"a2puamt1bnRlZGhtfWZoZ3x1ZXV9aHtmdWlxZnBncG97a2pq",1
"Z29yfGR1fWdldXlxfmZoZG1yZXZ6bn5mdWV6an1ob296bnV2",0
"anlsf3Vle3Vla2ptf2ZodXpyZW16bnBmbWppY35nZ3tpe2Z2",0
"bH5vcGxmaWJla2d7cWZodm1nZW1ubG9mbWlsY2tse3lucGpp",0
"fXpsa3Zna3Rld2t9bGZoY21qZXZqamlmdnRwdnxlbG9pfWxj",1
"anpybWVocGNleW9xamZoZHBoZW1nbG9mdWVsZW12e2hrfGtm",0
"fHpwf2dyf3ZlbW1qamZodGxiZW18fH5mbWZvZnt3cG98f3Z2",0
"aGhwb2tofWJldmx5aWZoYXppZXVvfX1mbWpwdn1kfHF6fG10",0
"bWpsbHVyamplZXtvb2ZoYW11ZWxrbm9mZ2hyY3lkeX5ufGl1",0
"aXB9fGxibmZld2pvcGZoZ250ZW18aW5mdWp9c29sa2pxfnhn",0
"bGtubmdjbWdla2h8b2ZoZXF0ZW15cXFmZmRvaHlrfWlxfXh3",0
"fWl-bWRzemhla2l6amZoZn9hZXZnbm1mamZucn1tbGxyfm11",0
"eGhxemR0f3Vldm5xe2ZodX12ZXVnem1ma2l_dHF3bnpsf2Z3",0
"fGl8bW1yfmJleWd7bGZoZG9pZXZraHJmbHR7dnp3a3Bsamh0",0
"aWttf3Vze2FlbGdre2ZoYm1oZXVwfW5maGd6YXp4bHBsfmZ0",0
"aGtxfGpmfnNlbWtofWZoZ31lZW18fWtmdWh_cnt2aX1_fHhm",0
"bHBvfXpkbWVldnB-fWZoaG92ZXZ9amxmenN7c2t6cHB7fmdk",0
"aXBqcnVlcGRlZH1qbmZodml3ZW1tempmZ2F9aH11aHx-cHZp",0
"aXpufHpqcHRlZnl8cWZoaWlkZXV5a35maXRraGx3fWlsa3Zh",0
"bXtsb2dzbWdlaW5wamZoY293ZXV9eW5mdWhscmp4a35-fmVn",0
"fHt9bHZqb2FleGd-amZoY3tkZXZtb29mdXN6c2hnZ3Bta3pm",1
"bnt7a2p2a2NlbWpqcGZoc21nZWxpbHFmZGRrYW54fXt8f2pn",0
"am9qamdofHVlZHhqcmZodnFiZXV5bHpmbHVpZWp5amxrfmdm",0
"em5_a3h2fmpld3BwfmZoc3JqZWxsfWlmdmlsZW9leXltamt0",1
"eXl_bW1kempleXl5fGZoZntzZWx9fWpmamNtan5tanx6fm13",0
"eXt8fmd2b2ZleGl7cWZoanp0ZWxwfWpmZWp9ZXptcHt6fWZl",0
"eXx7a2xqamJldmhsamZoZGxqZWxteXFmbGppdG5nbH1vcHhi",0
"eWh7fWpybmJlZ2tqaWZod2xzZXV6e31mbXJ-dWxoen5xcmd3",1
"an5pe2d0b2dldmxubGZodG5pZWxuem5mandpYm1sem5tbHdp",0
"cGlycXdhfGFldmdwbWZoc3xlZXZqe2pmd2drdn52b3x_fmRz",0
"bHp6b3hobGpla3p6cWZoZ3FpZXZ9aGlmZmVwdmh4enxyfnlz",0
"eWhramVpfWZleXlwcmZodGpkZXV6aWxmZXNxdnFpaXl_a3pq",0
"eG5ubmlkbHVlaHp9cGZoaGpoZW14bnFmZmN9dmptb3FqbGlj",0
"a2lscmZqfmplZ2psaWZoZ31qZXZrb35mZmR8aH1qa2h_bGV0",0
"eGxtf2tpanVlenxpcGZoY350ZXVuaHtmd2prYn1ob2l6bGpj",0
"a21sanZjcHRlbGl8f2ZoZXJ2ZWx4a3pmdmh9aHp2emttbmVi",0
"bWtua3Vmfmhlam1remZoYnt1ZW1se29md2FuZm11b298b3do",0
"bmtqb2lpb2RleGtsbWZoZ3tqZXVqfmtmZmlyYn1sfX1ucmty",0
"eW9scmtpe2llbHppbGZodn9hZWx8aHpmaHZwYXlrb21pcXdn",0
"fXtyfXpzfWlldXxtfWZoYm10ZXV6an5mdmJ9ZnF6fW9-emR0",1
"fWxsaXh2anRlbW9qbWZoZ2lpZXZ4bH1meXNtYXFtbnB-cm12",0
"aW1rcnhifHJleGdpfGZodW5iZXZ4a35mamdxY21oeWt_ampq",0
"aW1rbmdicGJlaWdocWZoZ3FkZW16fG1maWFpZmhqZ3xqcWph",1
"a3B8aW11emZla2p9emZoYn5pZWx5e2lmbGp8Y3pram9wenVl",0
"bH1rfXdzfGdlentobWZoZXp0ZW1oaXpmaHZ8Y3x6fXFpfmZp",0
"b2t8aXlya2JlZGhwfWZoZ3xkZWx8e39manJqZW1tfHxycmRp",0
"Z25qbmZzaXVld3tqb2ZoY3x1ZXZ6anBmdWRsdHt6bXBpbGdk",0
"eW9_amdqcGllaWx9e2ZoZnx0ZXZ8fGxmeHdvYXF4aGx6fnd0",0
"e2xtbWdnbWFlZmp8fGZoZn9pZWxscXJmZXd9aWh2a2xwfGdl",0
"cHBycnlhcGZlbHBra2ZoY2loZXZ4fWxmeXd6ZXx5e2lucm10",0
"aHlpfGVqa2JldnhucWZodGpnZWxsfn1mdmVqd3FnfXtqemtm",1
"fWhpcHlobmhlem19emZocm52ZW19eX9memR8dHltaGpxbnpy",0
"antqanVzfnRlamxtbmZoZ2xhZWx9fW9mbGV-Y3xqe29ta2xm",0
"bG1ve3ZhfmZlem9qcWZoZm5zZW1ne21maWp7aW13cGh-emly",0
"aXl9bXV0fHRlZGh9cmZoaH9zZW1pcG9meGRwdnt1em9se2Vl",0
"eW9ua21zamNlaGdpb2ZoZHJiZXZ8bW9mbGNpZH1kfW5yamti",1
"a21vf2h0fWZlanttfGZocn9pZWxwcXBmZXNrd21panl_f2hn",0
"bn1vfWZ3amRleG5ucWZoZXp2ZXZ9bnBmaWZxc31qaHBybXpk",0
"bGp-bnVkcXVlZ2ltaWZoZmxqZXZtbH9meGV9aHBkamlscWRy",0
"fGp9bHZnbHRleW9se2ZoZXBoZWxwcX9maGFxaWhqbn5rbHZq",0
"aHx9fWljbGFla3hpbmZoc29iZXZrb35md2lyd3lqe2xtemVl",0
"Z318cHVhamVlaX1vbmZoYnx3ZXZpcWtmemN-aWlle3p6f3lk",0
"fXxsfnVnfnZlZWl7bWZodW9yZW15enJmamlwZm9rcGxxandm",0
"aX19am1ob3JlZWd5e2ZoaX52ZXZqaGlmZGZuY2htcHxxb3hz",0
"aGt-bHp3fmJlaG5uamZodHpjZXZvaHBmdmlvY3lreHp8enhp",0
"bWltbWdoemVleHtvcGZod3x0ZW1sa3BmZmpvaWt4aXtvemli",1
"b3lvb2xhb2FlZHhve2ZoZG5kZXZ8e2pmeXJ8amt2bGpxbnZy",0
"Z2tse2hybGllZ3l-fmZodHJ0ZW1teW5memVwantnfWlpamxo",1
"b3xwb2dienZlaXtwcWZoZX52ZXVuenpmZGJsY2tnbGlwaXho",0
"fX1_cmticGplbW5wbWZoZXxkZW1oa3JmdWNraHx3fGtybGlp",0
"anlqfXdifGZleW5ubGZoaXFnZWxrbX1mZWhxdmtoa3ptb2dl",0
"bHl7am1pbnJldmloe2ZoZXxnZWxqbW5maWdvY311eXBscG1p",0
"cHp8a2RicGVlZGtua2ZoYn1qZXZueWlmbWF_c29seW5taWh1",0
"eWh7bXdpe3Jlamd7cGZoZG50ZW1pfHxmdmdtY3tle3BpamVq",0
"bHxpa2xnfXdlaXhqb2ZoZHFmZWxqem5mbGR_cmt2aX5qbmh2",0
"eW1tfmlnb3VlZG9xbGZoZHx1ZWx8anBmd2l-c3xmaGt9bWh3",0
"b2t8cHhzcHJlZ3x8fmZod39jZXZpbnBmdmdsaH5pfH5tb2R3",0
"bH1qe21nbWhleWdob2ZoaHtqZWxqa31maGhwdXB2bW9uenZ3",0
"enpsamZyfGllaW5obGZoZnJqZXZobH9memhuc356bntxfXlp",0
"b21yfWlzb2dlam18fmZoaW5qZWxnbm9manRqZ3x1b2l7bmVq",0
"cGhtfWR3cXNlanx-amZoaG13ZXZsbnFmZWhudm1ke3ttcmpp",0
"Z2pve2RhbnVlbHBucGZoYn5jZXV7bWlmZGVyYWx4bX5-bm1j",0
"bXx_cWVqbXRlbGltaWZodHpzZXZ5an5mZHZ6YWhpbHlse2Vl",0
"e3lyfGlma2Zlam9xaWZoYn1kZXZoaHxmZGd_dHxmZ25_fmV0",0
"enlxcmZzf2hlent6bmZoampoZWxta3BmZmJ9anpoeX1pcmd2",0
"bnBxfmhqbWJleG5wbWZoYXp1ZWx5aH1mbXV-cmxnbHttbGlq",0
"b298aWppbHdlanxpe2Zodn5nZXVtb21mdXR9Znl2fX5ybnV0",0
"b21ufndjbXZlZG1xaWZoZ3p0ZW1taXBmZ2Jpc2ltaWltcGln",0
"aHxpcW10fGJlZ2hqfmZod2ljZWxqemlmZGZ9ZHBlb3pvcXlm",0
"e2x_bWZib2Zld3tufGZoaGlmZW1ob3pmbWpsYn5ta3x8bHZj",0
"bm9ucW12enJlZGtxcGZoYW5zZXZwb3tmdWF8aHB3bGp9amto",1
"aml_fWl1aWNlaHtxcmZoZHxjZW1ufmtmZWl_d353a3t7e3Zj",1
"fX56aWZ1cmRleXhwe2ZocmtiZWxwfmxmZ3Rvd2poem16end3",0
"eG57f3dycWdlZHxvamZodm5kZXZ9eX5maWVuY2toeW5tfXVk",0
"cGxrcm12bnNla2hufWZodXBhZXZ7eX1mdmVtYnpka2xtcmRy",0
"aX5sb3Vma2plZGhof2ZoY3toZW1uemxmdmR_amhlcG1se2p2",0
"eWt-b3l1bWFlenptfGZoanBmZW1vfHFmZWhpYnp3emttfmhq",0
"fXx7fWd3fmRlaWtxf2ZoZHtiZWx4aXJmbHNxdWx3bXxtbGln",0
"b2txbnZjbmlld3p5cmZoY25oZXV8a39mZ3Z7dX5ocHl9a2Rq",1
"cG5wfXZkbWpleWh8cGZod35iZWxneXxma2Rvd3l6bm1pbGdz",0
"cGt7bGh1bGpldnpvb2Zocn5oZXZwbGlmbXV_aWp6a29vfWd3",1
"e3l7bXhqbGNla2xxf2ZoZWtmZXZrem5mdWd_d3plfXptf3Vn",0
"Z2xsbmticWllenlra2Zod2phZXZqa35ma2prdn11a2tsb2lo",0
"eH57e2Vkfndlant7bmZoZHF0ZWx9e2pmd2N6dXppeX1wcXVl",0
"antsa3plfGJlbW1temZoaW9zZXZvfX1meWluZW1obm1_a3pn",0
"aG1yb2plcnVlZ31vemZodnphZW1raX9mbGd-c21rbnlufGdy",1
"bX56a2V1amFlZ3h-f2ZoZ39nZW1vcH1menRucmhpb3lxenhj",0
"e25qbG1zbGpleXx-bGZocmljZW1obXxmZXR7c3lpe2tpbGd3",0
"anl-f2lhf2Fld25wf2ZoY3xzZXVvbn9meXRxZn5lfXttenpj",0
"fHxrf3ZqfWdld3traWZoZGtzZWx6b29mZWFwdnF2bHpsaXdz",0
"fXp8bGx0bmllaHhobmZoYmlnZWxufXpmd2VtZXlrb31qfGVi",1
"eH17a3p2a2pldWxre2ZodXB2ZXZqbm9maWdqc25leXlyf2Z3",0
"eWh-aWRienJlbXt5e2ZodX9yZXZpen9memJ9ZG56Z3p6cGZm",0
"aX1rcGdzfWdlbHh6bGZoaXplZW1pe3xmenJ8c3B6b2hvemR3",0
"cHppbmV2cndlZHhvemZodX1nZWx7cW1mbWl8ZW1lfXlrfHpz",0
"bnt7cmpocWRlZXh-cmZoZ2ljZXVpenJmaHdyZWt1bXx9fndk",0
"bW59bnZlbXVlZW9vfWZoYm5nZXVsenxmZXR7Zn5pbn1paWVo",0
"eH1tcGVpf3JlZ3pwa2ZoaWxpZXZrcWxmenJxZm93anBra2V0",0
"eXxwcHdmbGNlenl8e2Zoam13ZWxqen9mZHV7d2lmcGtqemVo",0
"Z2x_anlyfWNla2pxfWZoc3B2ZXVqa2xmenRyZm5qeWh6f2xi",0
"a2l6bmRjfXZldW9wfWZoY311ZW1qbnxmZWNtcn1mbmppfGpo",0
"bnlpbXVqcWNlenpqcmZoaH9qZW1sfH1meWh9cmprfGtuaWhj",0
"cHFraWRlbnJlaGh5emZod313ZXVten1mbGJ9dHx4eWlxe2V3",0
"bG9va2hka2lldmx8a2ZoYXt0ZXV5anpmZHNwY3lsbGpqa2t3",1
"en5-fW1hcWJla3BpbmZoYn5yZWxsanFmZ2dqYmlncG5pbmpq",1
"Z3xpenVzamZlantvbWZocnJlZWxvfWxmeGlxZGpma2prcGZ2",0
"eGhxbG1jbGllZGd8fWZodXBzZXZobG9md2RyZHt1eHxvcmlo",0
"e2p8f2p0cHZleWx5cGZoZH91ZXVtfm1mbWZxY2xocHx9b2h2",0
"eG9yaWZjbHNleGpwfGZocn13ZW1vbWpmaXNtZX11eXFxcmxi",0
"bWl9bWpza2VlaGh8emZoc29qZXVvbG1mbHR_YmhkeGh8aWp3",0
"eGlvb3lpfWZlaGxtf2ZoY3tkZW1wfW1mdmVwZXlqbmlsamx2",1
"bW19cWlyb2Jldml8bmZoaG5mZXV6aX1mbGdraWx1enl_cGZy",0
"cHxqf2p1bHdlbW9qcmZod31nZXZ4e3FmZ2Z7ZX13eHBwfXpl",0
"aGptanlkfHRlaWt5bmZodGt1ZXVtbGlmamR6dXF3Z216bmpi",0
"eXFqf3pzandlZGpucWZoaW1zZW18eW9mdWFram93aG1rfGRj",0
"emhxe2pmcHVldX1qcmZoanppZXVrbX9mbGp6dnxra29-fWll",0
"cGxpfWlzendlbH19bWZodntkZWxvcXxmaWhxd2lqbX59anVi",0
"cGxqcnVqa3Vldn1scGZodmtjZXZ4fm1mdnV_cmttbnBxfWZ2",1
"fGtqemdmemFlam1xa2ZoY2t0ZWx9bW5mbWptdXBmb3xpfmxi",0
"cHFqcnZ0fmRlbWpsfmZoYntyZXVncH5meWpran5qZ357amVo",1
"eGl_emtpe2ZlZHp8emZoaG5nZW16b2tmaWpuYnFtfGlsaXd3",0
"aHlsbWVzcXRlZ2pucmZoZGp2ZXVne2pmbWhqc3t2a21vaXV3",0
"fH5-e3pmaWRla3x-cmZoZnx1ZXZubXtmeGZranl1fXtqbndp",0
"aWtwfG1kb2JlZ2psf2Zocn51ZXZnfHpmZ3JwYX15e3tybWln",0
"b299f3hkemhld21wfGZoaHF1ZXZwfHxmdWRtZG52fHB6bG11",1
"e3twa21pbWNlbHxrbGZoan51ZW1pbnJmbHNyYm5lfH5-andk",0
"a29sbmxlb2plbW5sfGZod3JlZXZ7bWxmbXZtY21raW9pbWZz",0
"Z3Bwe21lcWhlZ2tpbmZoaH9hZWx5bHBmZ3JxaG9lZ2hvbmdl",0
"a3xtb2dofmFlaXBscWZodm1yZXZqbHFmeWR_d3l5fG5yf2ty",0
"bHB8a3p1a2FleHBpcWZoYn1qZXV8bW9meWF7dH1taXlue3lm",0
"fG97emlkanVlaHhxb2ZoY3t0ZW1pbX9mamRpZmhtaGlycHdn",1
"fGhtcWR1cmhldmlsf2ZoZ2ppZXV5fn9mdml8dm9maXluem1j",0
"aX5pfmhmbGlldX17a2ZoZn9hZXVsfHtma2htanxnaXt6f2pl",0
"a2xpfGx1fXdleWdrf2ZoZWxyZXV6em5md3RpZWl5cGlqfWty",0
"eH5ufWxnb2planttbmZod3BoZWx8e29mZ3Z9aGp5cHxtbWRk",0
"fG5vfXZpfmplbXpucGZoZHBnZXVtfm9memF7d2pmemxtcGh1",0
"b2xqcmx2a2hld3x-amZoantzZW1ofGlmZmZtZW9lbG1scnVn",0
"cG58fmpzbGdlbW5wb2ZoZ29kZXVvbG5mZHN_c2psbH1ucmt1",0
"bmttemZzamNlbWtqaWZoan1oZW15aXxmZGh6aG5tbnF8cWd2",0
"Z2x9cGp3bnRlaXpoaWZoc3x2ZW14cW5mZndyY2l6eH1pf3Zq",1
"fXx9fXpmfGNldmtobGZoZXxnZXZpbHFmeHJ8dmxmeGtpf3p3",0
"Z2lvcnZqamdlbWhqemZoZXpkZXZtaW9mZ2l7d3p5eG9pfWRq",0
"bHBsbWRlcGhla3pwemZoaG1zZXZpbHtmZWZxZm13an16bWtp",0
"b3x_bWdjfnJlam1raWZoaW9nZXV5bG1maGdsdX5neWhucGli",0
"aHtpfWh3cmpldnhqf2Zod3FlZWx5anpmbHZpd29rfWl_cmdp",0
"cHxxbXVofWVldXx8fGZoaX9jZW15cH5mamdsZGhlbGh6b3lp",1
"bmtpamx1bmlldWh7bGZoaXx0ZXZ7anFmZXZtdXl1b2h6fHdz",0
"am9-bWppemJlamdtfmZoZml3ZXV6fnpmbWdwamt6Z2h6anpj",0
"eXp9cGV1f2Rla21waWZoZX92ZXVra2xmanZqaGxofWxybnZo",0
"e2xvcWhpanVlZG5-fWZoZn5hZWxpfXpmaWd9dHlrbHtuf2d3",0
"emxta3dibXNlZWdocmZoYX1hZW1ofG5mamV6cmlqe2xyb3ho",0
"eWptcWl1b2NlaHlwa2ZoaGljZWxqe39maXZvd3lqbGp6fHlk",0
"Z296b2l0fGRlen1ocWZoYnF0ZXZ9bnxmZnRpZm5pa2t9bGdy",0
"cG5xbHlhfHVleG5taWZoc3xlZXVqb3Jmamh_c2lscG5_cmRi",0
"bXpvf2Z2f3RlaW5pcmZod3JmZXZpbn5maGpqaWtrb2t6fGh0",0
"e2lxa2t1bWZlaWp9cGZoaHB1ZXV9cW9meWd_am5mfHtyaWh0",0
"amlyfW1handlaG9qbmZoZH5jZXZpenBmbXd-c3FoZ2h-e2l1",1
"cG1ycWZhe2ZlbW5-fGZodHtlZXZrcHBmenRpZ2pkeXp7endi",0
"fHp8fWRiamRlZHp6bWZoZWx0ZW1nb3xmbHNyYXttaWptfGZ2",0
"bnlrcmVmfHJlZX1qamZodXt0ZXVvfn5ma2FpdHltbWt-andi",1
"a2h7cm1ybmdleG15aWZodW1oZXZqenpmaWJudm5rfXBrf3ln",0
"eHx9fmplfWRlbXlxbWZoaHxzZWxucGxmd2ltc3l6fHB-fHhp",0
"b2pufXp1bmdld3twfmZoc39qZW1ufGtmd2hrYnBtaW1xbGd1",0
"e3trbnhlf2plZn1-bWZoaXt0ZXZwa21mZWN9Zm53bWlscWx1",0
"fXppfG11fWNldmlqfGZoaHBlZXV4an1ma3R7dG5pcGpse2dy",0
"eX19bGtkcGplZG1pe2ZoZH9nZXVocWpmdmhxZWx2bWptcmZo",0
"enBsfHZha2hldWdufWZoaXplZWx6cGpmdWdsYm94aGxvbWx1",0
"em58bHdpa2llaWpvemZoc39iZW1paWxmanN_aWtocGlqfGhq",1
"aG1-bXdkbGplentre2ZocnJpZXV9e39mbWNran15Z3xybXli",0
"fWh_bXlqf2llbWx7cmZod3JhZXZncHxmanR8YW1leGx8bGlz",0
"eG1wbXV0e2plbGd5cGZoaG12ZWxnaGpmaXRvaG5tbWpvb2dh",1
"emhwemlzbGNlamxvfmZoZm1mZW1ub29mdWdxYnpqenxtenp0",0
"en1tf3hnendlZ2p6fWZoY21yZWxtanBmbWFwZ3tsenlrcnl1",0
"em1_a3dibmNlen15cmZoaGthZXZsfGpmaXJ9ZG1scHlue3hz",0
"aGx-fGhyfmNleW1qbGZoY25nZXZ7bm5mZnJwaHF4enl7fmVn",0
"cGtxem10cHVlenxscmZoZWl0ZXZta39mdWlsdXB2aHx8a2Z1",0
"eHBxcndyamRleWlwcmZoY2tpZW1rcW5meGVqdWtoa3tqcWVn",0
"aW9ycGVhcWVlZGlrbWZoanxlZXV8cGxmeWVyYmt2a21ue2Vp",0
"eHx8enVjfGllanxoe2Zodn5pZWx7anpmaXR6dXl4cH5wamh1",0
"eGlubWl2bHZlbGttbWZoZ2toZXV5fm9mbXZ-d3lpempvemh2",1
"Z29wbXl0f2FlaGxvamZoYn1mZW16bn5md3V8aW52cG1xcXdj",0
"amtxf2dncHdlamxsbWZoZnFiZW1nfWlmbXN8amlobHtsb2pi",0
"cHlsa2t0fHdlem5-cmZoY310ZXVtaG5menRyYXFnZ2hre3hm",0
"eXl_cHVje2dlbGlre2Zod2toZXZ9anFmenN-dntlampucWpo",1
"fH57cndzfWllaWp8e2ZoaXpkZW17aWpmdXZ6aW1tbGp_aWln",0
"aWp9bW1lfWFlenhsemZod3JlZXZren5mZGFpZXFqb3F_bXhq",0
"empvfWlkamdlaGlob2Zod3FkZW1rbX1meWd7Y35qe3tvfWdi",0
"bmh6fmhqfWFlaG16b2ZoZG10ZXZvfXtmbGd-YXB3b2tyf2Rn",0
"cHpsbmR1aWJlbGd8bWZoanxlZXZva3JmamRwdmp3aH16cWlo",0
"e2xsfGhjb2Nlam15bGZoaHtmZXV6b3FmaWJqZW55bW5pcHp0",0
"eG57cmtkbWFlaml-cmZoanphZWxocW5mZmp6Y29ra3x6fmxp",0
"bnttamplfWllbHtrcWZoY3xiZWxrbH5mZWl8aX13an1ufHhz",0
"Z2pqa3V0cnZlanhraWZodH5mZW1uaGlmdXN-Y2poZ3B8fWdi",0
"a2x_bGtlcGFlZGxrcmZoZ31qZXVweW5md3NwdWh5bmtramh2",0
"bH1sanV1cXNleG1we2ZoZ3JiZWxnanFmamNqZGx6e3tye2Zi",0
"Z3xsanZybWllbHt-cmZoZGx1ZXZwbH5mZGF6Z2t6eXF9bnVz",0
"b3F-fWRhenZld25wa2ZoamxqZWxscXpmZ2puYW55eG5pbnZl",0
"bmxre3Z3f2hlZWx7cWZoYnBqZXZwe2pma3dud25tbmhyaWpk",0
"bm1vcGl3b3VldWtvemZoY2poZXZta3JmZnd_dHxpemxtbXZi",0
"b2lqcWRmcmRlamhscWZod35oZW1ncW9maHd_Y31meXtwe2ll",0
"eG9wbmplcnJlaXpuf2ZoYWxlZXZteXxmemV6Ym5saHx7bXhy",0
"bnprbGRycXNldm56amZodH9nZXVqfn1md3VpYn54bmxubHZi",0
"cH1ufHllcGRld3hua2Zoan51ZXZwe2tmaWJ6Zm96bnFyfGhi",0
"en59enpya3dlZ2x7fWZoc39iZWx6eWlmdXRxaG1mbW9qbHpq",0
"fW18f3d1andldWlxcGZod3B3ZW1sbmxma2N_aW16emlqb2Zi",0
"bX5_amlmfWZlaX1wcWZoZWljZW14enJmZ3dpaG9tbnlvf2lo",0
"e2hte2V0fWpleGdocmZoYnt1ZXV7aWlmbGZrZW1mb3l-bWpj",0
"eXtqfmdqcmdlaGdwbGZocn1zZXZse2lmeWpqc3t4b3B-cmdy",0
"fH5-cHZzcmplbWtwfmZoYXtkZWxubnJma2dpaWpraX58f2dl",0
"aGt8anhzbXVlam5-f2ZoaHJmZW1te3Bma2F_d2tmfWxwcXdh",0
"eXxpcWp3cmJldm15bWZoYnBkZWxufm9mdXNvZHx4a3Bxb3di",0
"eHx8fXl1a2JlbGh-fWZod3FlZXZubWxmeGlxdH5lb3t-fmhh",0
"anpxa3V3fXdleGtwcWZoZn5yZWx7e29menZ-dmh4aXFwbGlj",1
"eHt-a2R2b2FlZHxpb2ZodmpzZW16e3pmZHNwaWhta317bWV3",0
"aG9sfGRmaWJldnh6emZoZnFoZXZneXFma2lvcnxtb3p9fmVm",0
"fXpyemtncmRldXxub2ZoY3JjZXVsbGxmZ3Jsc256bnBxa3V1",0
"bGlpcXVjamJlbHpobWZoYXpmZW1nbHxmZGdtY29naW5ta3Zz",0
"bH1ufml2b3NlenBqbGZoYXBqZW19aW5mdWZuc3Fte2h_bmZz",0
"fHFpf3V0e2llZWt9fmZoaG1iZW1qbHtmaGRwaHxkampvf2dm",0
"aX56a2ZocGNldmh8cWZoaWpqZXZ7cHBmaXNxdntsb25_b3ph",0
"Z3xtfG12anZlaWd8e2ZoaHJiZXV8b35ma2p9d2t2fXB6cHhp",0
"bGttcXpke3RleGpraWZoan1hZW1tb2xmamJtcmtkbmpxf2p1",0
"Z358fGV0cWZlbWx7bGZoZX5iZXV8cWlmaXVuZmxmfWhvf2V1",0
"Z3t8f2p2amFlam5-a2ZoYXJyZXZ9fmpmZ3J9anpoeW5vanZk",1
"amhsenh3bGhlbWp8bmZoZnt3ZW1qfWlmeGdtZWp6eHx-cmVn",0
"bWp7amloe2VlaWtramZoZ2xjZW1sbWtmZGZvd2plb3Fxf2Z3",0
"eG58fmhpcWhldn1vcWZodnJpZWxnbWxmemdyaG9ob3ltb3Vn",0
"anBua2xlfGFldnlufGZoaG1hZWxuaH1maGFydnF5eXF9enVl",1
"bXlycWVkf2Vldm9oaWZod3tqZWx5e3FmeHd6Y31raHlse2pn",0
"eXxubGdlbndlZ2pwf2ZodXFzZXV8bntmaGlxd2tlamp9cnh2",0
"am5sbnp2cWFlbGt9fGZoaWx1ZWx6b2pmeWZxZGl3cHtvf3pl",0
"eW1xanV2a2JlamhxcWZoaX91ZWxra21meHRrZWhleGtqcWln",0
"eXBpbGlqe2FlZXtpcmZoYX9lZW1tfHBmZ3NtYm5rbW5pbWdm",1
"eH1pfWRifHVlaG9wb2ZoZW11ZXVvbn5mbGZpYXFmaHpqamh1",0
"bmtubGpjfGlldXxsb2ZoaX9mZW18eW9md3N_cm1ma3p_fnhz",0
"eW9yaWZmf3dld2t8amZocm9oZWxuampmeGRpYWpsaGp8bWVk",1
"fWpufWl1bHJldXl5bWZodGphZWxwaGtmZGZ8cmhse35vcHpj",0
"b2lxbnlke3RlaGt9e2Zodnt1ZXV9fWtmeXRwdW1obnlve2tn",1
"fHp-e2VkfmplbHp8fGZoYX52ZXZ9fXBmd2R9Zml3Z21pfXdy",1
"bWxrb3dhanJldXpxamZoaW5hZW1oampmZWZtY2l5fXx-enZq",0
"amhyanl2amRlZX1wfWZoZ21yZXZwfn5meXJtZGlsb21ucGRq",0
"cHx9fWlje2RlZXl6a2ZoaHxkZXV5bmtmeGJpanxpaX5-cmxl",0
"bWpwf2lpcGNlZHlvamZoZ3x2ZXVobGpmZ3N9cnlofG9_anh2",0
"e21qfWVofWRlZ3t6b2ZoYn93ZWxrbWxmaXRwZ3Bpe29sbmhj",0
"eG9_a2tqb3RlZG1xb2ZoY39zZWxseXxmZmV-Y3l2aX1-cmhl",0
"e2h8fnpqf3dlaWpsbGZoY3BlZWx6eX5meWpyZXlmZ35tfWlq",0
"aHp-cmV3aWJldm9ufGZoZm51ZXVuenBmaWZud2tpbnpvfHdy",0
"bGxrfmh2endlZHxwemZodXB2ZW1nbX5meWhxYnlsfXF6em1m",0
"fGhuandlcXVlZXp6bmZoYmpnZWx9aG1maXVrZ214an5yfWhl",0
"e316cmpmfnJlbWxpfWZodG1yZXZtbW9mZWR7c2pmaXlrbGlz",0
"bG99anVyfGVleGpxb2ZodmlzZWxreWxmdWd8d3B6bW1tand1",0
"e3ttfm1obHVlZW5scGZocnJ3ZW1nbX9mempyZn1qbnx_cGRh",0
"cG5tcmtjemNlZmhsaWZoaH1nZWx4eW1mZ2R8d2hpe3xsb3hk",0
"cGpxcmlhfnNleGdxbGZocn5jZXZ5bX5maHN8Z2xsenlxcmll",0
"cH1ramd0emVleGxvb2ZoZnJmZXZnaGxmbHVpYW16eXBwfGx3",0
"bW5tcWdycnJlemlwfWZoZW53ZWxsanFmaHNqd2xpfWxvbmxz",0
"amx9bml1cmVlamprf2Zoc3phZWxwbX9meXdqZHlpa3F6bXl1",0
"anByfHpqfmRlbXtxbmZodW93ZWxte29meWR9aGh3aG1-cXh0",0
"enpxcGRzcnNlZWhuf2Zoc3J1ZW15bXBmeGRqdm52a3p7emph",0
"amh_cnZnamZleHB-cGZoaXtiZXVqb2tmZ2JtaHB5fGxqfWVh",0
"fXl-e213cXZlaHtof2ZoZn1jZXZvbHpmeGNraXtscGp9a3p0",0
"b31_fHdyfWFlentufWZoamxqZWx5bHxmaWprZGt1aHBwenZz",1
"fHxxcnZ1fXJldXx7cGZod2xpZXVtfHBmZ2hvdm1qbm58emZi",0
"emlsfnVpf3ZlaXtwbWZoaXJpZXZ9bX1md2lxZXBta3x_b2V2",0
"e2xvcGRmaWhlZ2lsbGZoYn1qZXZnaX5mamlyamtoa2pycWZ3",0
"bnx6cXp2a3RlZ3B-f2ZoYnFkZWxvbG9mZ2dyYm9te2p-a2l3",0
"eXx-bnhlf2hlZm1uaWZoZW9kZXZrfH1meWZ7Z3tsbWtxbmpn",0
"bXFwcWpzcXNleGhtbWZoYnpoZXZqbmxmZGp6Y2lqbGppfmZz",0
"b3B8cGlhcmJlaGltfmZodH5pZWxnenxmeXZudn1nbH5scHh1",0
"fWprfHdlemhlZn17bGZoZXpoZWxna2pmbGJqdXllbW19cXly",1
"Z3x_bHp1a2Rldnl-fmZodHB2ZW14aXJmaGlxYWlranpscnZk",0
"eHt_fWtyfnNldXhtcGZod3JlZW19em5memZ6ZXloeX1tf2lo",0
"eXBrfWV1amRlZHlve2ZoaX9pZXZrbHBmanN9cml1anlremxy",0
"bnFpandka2pldWx5e2ZoZXBjZW18bXBmZ3Zsd3xrcGl9bmZ1",0
"bm1_anpje2FlZ215fWZoYm1oZXZteWtmaWRyan1qa3BxcGRy",0
"fWpte2p0fWRlantxb2ZoY293ZXVrb2tma3Zxdnllaml7amVi",0
"bn5_b3lmcWhlZ3Bwb2ZodG9pZXZ8cX9ma2pvdX5mb3pvfWp0",0
"am9ve2hoe2hleW95fWZocn9pZXZtbmtma2dqZHBrb3xybnV2",0
"cHp8bXhmaWJlZXpxb2ZoYX5lZWx9bn1mbGlsd2lnbXpremxm",0
"aHFvemV2fWdlZH1rf2ZoZHF1ZW1ucHJmanNxc2treGx8bXZ1",0
"fX1yfWxpcGllZHxvemZoZn9pZXZ6am9mdWltZXt5Z35vanli",0
"aGt7f2docHdlZ3p6fGZoZ213ZXV6fGxmdWZwZWh6aW1-fnl0",0
"fHFxcXl3b2NlemxpfmZoZ2tmZXZ5am5mZWFucnx2cGl_bXd2",0
"eXxyenlicnVleGt6a2ZoaG1kZWx8cX1mZHd8Zm9sZ35pcnl3",0
"b318bXVkfXNlZXxwb2ZoaWljZXVocWtmbGF9aWhmeG19fndh",0
"eW9ta3plf2Zla3h6e2ZoaXpmZXZ6aWtmaHZpZHx3eGhqbXhz",0
"bnlqfHlnbXRld21te2ZoYm13ZXZnfmlmZXd-aGpoam57cXZp",0
"e25xenVhbGFlZmprf2ZodGxkZWxrb3tmbGltc2psaG9uf21k",1
"eGh9a2tkbndlbH1qaWZoZnFiZXVoaG5ma3d-aHpmbXBwbmpo",0
"Z2p-fmdkfXJldW1wfWZoY3JzZXVsaXFmbGF_dXBncHlrbmV3",0
"eWx7fGlke3VlZW1-fWZodnplZWx6b3Jmd2VuZHtobH18cWhm",0
"a25xf3ZibmRldWt-a2ZoZHJ3ZXZpen1mdmJ7an1obH5_empo",0
"an1raWR3fWdleXpwcmZodG9iZW16anBmeHRram5tZ3lqbGZy",1
"eW9-anhhamRlaWt6amZodHx2ZXZubX5mamp-Y3psenlybGRi",0
"anFsa2Rib3NleWx-amZoZWtjZWxwbXxmdnV9YWlobn5ve2d3",0
"Z25ubGlycmRleHB7e2Zoc2xzZXV9bn9mZGd7Yn1tbW9wb3V2",1
"cH5xfnp3anRlZXlucmZoaHxkZXZ5enpmaWp8am5tbX1qfW1k",1
"cGhqbWllfmNlaWxobmZodm5nZXV8anpmbHV8YnFoZ258cHph",0
"Z2t6fmhocWlleWtrbGZoaHtyZWx8bW5mbGVxaGpmcH1_a3do",1
"bGlsfXp1cnRlbWtufGZoZn53ZXVsfGpmeHduc25naWx7cWVn",0
"a2lwamlqf3Rld31vfmZoZWlpZWxqbW9mbHdpZWtob21paXhn",0
"e21vfGVofXZlaHB-emZodH9jZXV9aH1meHV9Zm52cHBtbm13",0
"bWtqfHlyb3JlaWp8cmZocnJpZXVrbG1mZ2ZuaG95eWl-cXhk",0
"eXtpa2hpa2RlZ3ptcmZoZm5qZXVrfnJmZGFxZHxncGl6f2Rj",0
"anF9fHVmbWhlZWdsfmZoYWtjZW1venFmeWhvdmp1eG9penp3",0
"a318a2d1bmpldWxua2ZoZmlnZW15aHFmbWVuanlne2t6bG11",0
"fGp9fGhhfXVlaWlvfGZocnJkZXZobmlmaGZqaXt6emt8fGth",0
"cGp8endmfWplanxvbWZoaWxoZWxubHJmeHNsZmh1bHt9aXpn",0
"b3t_bmdyb3ZlbXlwbGZoY3t2ZWxrcX5md2FucmllfWtwcWpm",0
"bnl7fmRnbmFlanpxcWZoaXByZW16fnBmamJ7Z3FobX5vemti",0
"aHFve2Z0bGVleXprcmZoYW1iZXVsfWlmZWdyaHt2bGh-a2pz",0
"aHx9bG12anJlam1taWZoYmxjZXZvfH9mZmhyY25len5ycGZj",0
"fWtwa2VjfmhleGpxcGZoYW1jZXVoam1mZ3drZ3lobGx9b2lq",0
"fGtucmdmfGplbXx7fGZoYm11ZXVuan9md2dydnpoe3tsemRz",1
"bWx9fWZhamdlaHl5f2Zodn5yZXZ5a29maXZpcn16b3F9a2hi",0
"en1qbXphb2Rldmxtf2ZoYm5oZXV4a2tmamFvYWxqbGx_cWR0",0
"cH56b2pkcmplbGprcWZoYn9kZXVubH9mdWVvcnpka21ta2Ri",0
"b25qb2pyb3JlaGlrfGZodHFpZW19enJmdmJwZGh5enlvb2x2",0
"b2l8a3Z3fWZlZG9vamZoZ35zZW1wfXBmenZ_c2hnbn1qfnZz",0
"eHt7a3dpampleG1va2ZoZnx2ZXZra3xmdWF_cnF3eX5wandz",0
"en16f3VlemFleG5ufmZodXpiZXZ7fXxmZ3Z8Y3ppfHxpcmll",0
"b2t6bXhkfXJld2xuamZocm1iZWx6an9maWJ_d2xmcH1ybXly",0
"e3Fwenp1bnNlaGxte2Zod3pqZXVwfWxmbHRxamxseW58cmR2",1
"fG5vam1oe2llbG55e2ZoZXF2ZXZsaX1mdmNpZHt1bW98a3ll",0
"bXxqfXp0bXJla2l5emZodG1zZWxqaGxmZWh8am5qfGxse3h1",0
"cG1-bWl0a2NlZWl6fWZodXB0ZXZvfXBmeGlsY2pnbWtpcGlm",0
"bntvfGdnbnVla3BvaWZoaX5iZXVqa29maHJucm9pbnxtcGdj",0
"enpsemV3anVlaGd9fWZoYW1qZXVwe2pmdnVyaHBoZ3pqcXdh",0
"bWl9cmhjbWdlZ2pvcmZoYntjZWx6cGlmaWRxampseG5xfXZj",0
"fGlxbHp3cmRlZ2tqcmZoYn12ZXV9am5md3ZxZH16eXFubmdi",0
"a3F7aWh0fGllaGtocWZoaW9oZXZobGtma2Z7dntpeHB8a2Zp",1
"aGh6aWxjbWFlZ25pemZoanJhZW1va3BmeXZsdmlkfGh9fGZ2",1
"antsfXd3fWNlZW9ocmZoZGxiZWxtfXxmeGR8Zn12b31_andn",0
"cH58cHpnamplZmdqcGZoaXt0ZWx8a39mdWN9dXFqaXl8bnph",0
"Z2ppfWVyaWhldW9wbmZoZHFzZXZ9aX5meGhtZH1mbW1qcHV1",0
"fGp6f2hofGVlZmd6cGZodW9jZXVveX9mZmJraX1neW19am11",0
"amp-a3hqb3JlZGtrfWZoc31hZXVwcW5mdnJrc2lsfX1-fmZz",0
"aG9xcG11e2RlaG5qbGZocnxpZXVpa2lmemVrY3x3fHx_bnph",0
"eHtqanZncmdld3B5b2ZodWtkZWxwcHBmZmRpZGhmfXpva3hh",0
"eGt6bXhpb2dleHtvaWZoaWtlZWx8bHJmdWlxdX53e3Fxe3V3",1
"eW1ycGVhcndlaWx9e2ZodHtnZWxncXpmaXJxam1kbH1xcWZz",0
"cGx-bHdlbHdlaGdtcWZodntmZW1rampmemVydml4aXFpbXh3",0
"a2hta2ppfWJlaGtvfWZodnt0ZW15cXBmbWRpYX1me2lpcnV0",0
"bmp9cHZif2ZleGhobmZoan9jZXVnbXxmdWN-ZGhlaG5_fXlz",0
"bGxqbGxjbHRlZHB9amZoaG9mZWx6eWxmanZ-dH1rbW1_fmVn",0
"Z2p_cGRjfGZlenhwe2ZodW12ZXZsfm1meWd-dnxobG5_e2tl",0
"eH19fHdlfGZld29pemZoaW5mZXVncXxmZWZsamxtbmpxfWhj",0
"Z299fmZ2fndlenhuf2Zod3J0ZXZrbnxma2JpdWhqa2lqcnpq",0
"bmp9a3Zzb3dldnlxcmZodWxzZXVpcX9meHR7Zm9taW5qfWV0",0
"Z25-bG12amVlZm96e2ZoZXtnZXZvbGpmZnZvaHBpbWpxf2lz",0
"fHl6bXhpcmRlamt8bGZoaW5nZXV7aG5mZHVsdXB1cGtpf2Vh",0
"aXBxfG1lb3dlZWx5bGZoc213ZXZpaG1meHdwaWp6aWt7fGZ3",0
"bXF6fWpkfWhlbGp8bWZoamlkZXZnb3Bmd3dxdm9rcG57b3pq",0
"fGtwfGZ2cGllbHl9e2ZoY35lZW18cG5memZram9ta3pvfGxn",1
"fHx6amV2andlbGp7bmZoZHx0ZXV4fnBmeHdwc3p6aHFxaXli",0
"eXB_cWxqemdlZHx-cmZod2lkZWx4bWtma3JqdHtpen59cndi",0
"bXF8emd0bGVlZGdtcGZoZ3xpZXZ9fH5mZ3Rsd3B5eG16e2t0",0
"Z3F8e2hlcmplam1paWZodXBkZWx4bWlmdmJsYn16Z2t6e2h2",0
"bGlwaXdkaWVlZnBpa2ZoZH9yZXVufnBmd3RudGhkfHpwfmhy",0
"a3l_b2lnb2RleGp5fWZoc31kZXZqamxmeGJwY3psZ21ycGly",0
"bnp_fHdocWhldnlufWZodG50ZXZ8aWpmeXdvZX13a3l6cGRq",0
"a3xsa2t3emRla3trbmZod21mZW1rfXxmaGh7YW9paHFucHdj",1
"aX1raW1zenJlamh6f2ZodH1jZXVseXpmdnN-dXFnfX56bHd1",0
"anBsb3ZpbmJleHxrf2ZodWphZXVobmpmdmZydGx5bWt-bWp0",0
"a3lpfHdhcWRlanB9bmZodGlpZXVsbm5meGhwYn5ke3BpcmVh",0
"aWh7f3pybXdlenlrbGZoZ3x3ZWx8bXFmbXJ9ZH5la3t8emR2",0
"Z3lsb3ZmfGFleHpobGZoZHF3ZXZpcX5ma2hwdWt6cHFrbXlj",0
"e2hrcGhye2Vla2x-fmZodW5lZW1taHJmeGhxaWt5a3FpbXVy",1
"bnF_fmlif2JleXt9bGZodGtoZW1tb3pmdmp8ZXBte21qbHdp",0
"aHx_cmV2a2FlZWdsfGZodHxjZWx7bGxmenZuZ2hofH1-f3dk",1
"eXFre2dmaWFldWdsamZodWpmZW1qaXFmZ3Vtcnt5aWp-b2pz",0
"aW9tfW1hbWhldmp-a2ZodHtjZXZpempma3VyZG56Z2x-bGR3",1
"aWtrfmZqemNleG19amZoam5oZXZvfXJmaHRuZnpmZ29wemRl",0
"Z2p_cnlkemJlbHBsfGZodmllZXZwaGtma2hscnBla29_cGRp",0
"eG5yanhpb3VlbWp-fGZocn10ZXZtcWpmbWpsaW9leW99e3hp",0
"bWhrfW10cnZlbW56aWZodX90ZWxvfnxmaml9dXtranlxfXl2",1
"cG57cnlkemplZHtwe2ZoY2ppZWx4a2pmbWJsdmtsfWlucHhp",1
"em9xe2dmbWZlenpubWZodW5oZWxpcHpmemZ7aX11eW9-f211",0
"e25sf2pncXZlZ2t9cmZoZGlkZWx4an9md2Vwcmppam18a2xy",0
"cHl8fHl2emVla2drb2ZoZGxyZXZ5fnFmamJscm54aHBscWVy",0
"fWt6cmp0cXJlZHBpbmZoY25jZXVubmlmZHJtamp2bG59b2Vz",0
"eXBpa2tye3dlenBvcmZoY2x0ZXZrbW9mZWh7aWp6aX5sa2x3",1
"a3BxbWphe2JlZXpsbGZoZXBlZWxofHJmZGp9YXpqeXp7e2xh",1
"eGx6fGVnamJlbW1scWZodWx3ZW18bnJma2FpYW1peW5vempz",0
"eW9xa2dmcHRlbXt6cmZoaHtjZXVsem5mdnRpd2x5fWxvbXl0",0
"aWhtcWl2cGZleXt6a2ZoY39jZXV6bGtmZ2Z7aXl1b3tse2lj",0
"cG9rcnVofWllZnpvcGZoZHFyZXZ9bmlmeWh6c31qanp_bG1n",1
"bm59fm1lf2Zldm57fWZoZ2piZXZpeW9mdXJ_aWtkeG9pcndh",0
"eHx9bGZkamJlamhrbmZocn1hZXVua3BmdmF7c3FremxsfGtk",0
"enF7bWtoa3JlbGdub2ZocnJzZW1tbnpmZmJpZH5ob2hwbnV2",0
"eXxvf3VhfGJlZmp8aWZoZ2ppZW17cXBmdmdvYWtme2x9bXVm",0
"bHppe2V0cWhlZWtwcWZoZnpoZWxofH5meGJtcmx2b21uamhq",0
"aGx6cWRjcHNlZG9paWZodXxkZWxte3tmZXZqZmt2b29rfHdo",0
"cH1pa2diaXZlZG1saWZoaX5nZXZnan1mZ3ZsaXt6eHp7b3l1",0
"fXt9f2l3b2Zlam9wbGZoaH90ZXVtcG1meWd8dnl1aHl9bGVq",1
"aGppf3dobmFlaGprfGZoYnphZW16enFmamNpZ2h2aWh9bWtk",0
"bnFybGlncWVlZXtraWZoam5pZXZrfm5mdmNvcmp6aHB7emlq",0
"fH1ucHlpcHJlZGhva2ZoZ3phZXVte29ma3RwaW13fW5yfGlo",0
"eW9-fnhqfmdlbXtuamZoaX50ZW1ncXxmbHd9cmp4Z3F8emV1",0
"aHtxaWRkamllZG18fGZoanpjZXVvfHJmdXdydXFpfHltcmln",0
"fXlrf2R0anJlZ3xsbGZoaW10ZWx4cG9ma2N8Znlnb2t_f3d2",0
"bHl_b2lyfXRlem9rcWZod390ZXZvaH1md3ZrY25taH18cmZn",0
"Z3F8cG1pcGdla2xobWZocn10ZXV8emxmZWl_Y31qeG5pcXhi",0
"bXpwcHZlaWllbGtscmZoanJnZXVtaWlmZHNtYm9oZ2l9enZ1",1
"Z3prfHpma3Zld2tsbGZocn9yZXZufGlmZXR6ZHFoe2xqfHdh",0
"bW9-e3VmbmllZm9qa2ZoaX10ZW1rfmtmZnRwaXB3fHpsfGli",0
"eH1ucmhhfmZlaWt5bmZoZm5iZWxue3tmeGp6dX54anF6cnZh",0
"b2lxbWVibWFlaWl-f2ZodXBhZXV7cXxmZGN9Ymxqb2h6a3hy",1
"eWpub2ZkfWVlent7aWZoaX1hZWxvcXBmaXR7dG1rfHl_cmt3",0
"eXpsfWxoa3dldWdscWZodmloZW1raXtmZmNrZmxoent7amZk",0
"am97fW12a3dlbXx6b2ZoZm9kZWxoeWxmeWNvY3l1anF_fnpq",0
"a3lqcXVlcHVlbXB5e2Zoc35hZW16a21mbGZ_cnt5eXp-amxj",0
"fWx7aWp3fGNlbXlscWZoc3FlZXZwfHFmZXR-dn1saX1semlh",0
"anBqfndlcWllZHBvcGZod25pZW1tcG9mZWdxZ295aXF9cXVm",1
"cGxtanhof2VlbWhqf2Zodm1lZW1rfmxmaWhucmplaX5rfGt0",0
"em1uanV0bWFlemlvemZoYXpmZXZ9bm5mZGl7dW1seXpqfndk",0
"anx7anlob3RlbXt8fmZoaH1nZXVofWpmdnZ7aHx1eXF_cW1l",0
"en1vcmR1cGFlem55emZoZGxhZXVtanFmenJrY3t1eXxqemh2",0
"am96f2tqaXRlaWd6aWZoZXFmZXVuamtmaWp9dG93aG9ucHZp",0
"em5pcnV2emNlZnlvbmZoc3ppZW1sfmlmdXZxdHprZ3t-e2V1",0
"bXFsanZ1b2plemprfWZoY25mZXZucXJmbGJqZGhtbntqcmhn",0
"Z3Buemh1bnZlaW1wcWZodm1qZXV6fmpmend8YXFka3BramR2",0
"aH5_a3djfXNlZWx7emZodn91ZW1tbXpmaWlpc31rfWxqb3pl",0
"b21samlmcGllbXprb2ZoYX11ZWxtbHFmamFqan5rZ318anhz",0
"bnF8enlqfXZldXp5emZoYW1mZWx6bm9mZWdpZ2hteW57fHVk",0
"aXxwe2R3e2VldWp9fWZod3tzZW14emlmZ2F8dHpse29_fnpo",0
"fH5we21qamNlamdofmZoYn51ZXVwcWlmZ2d6aGx2Z256cmRm",0
"an5_cXljemRlbXxwfmZocmxqZXZufXtmaGhyZWp2eX1xf2hj",0
"e3pyf2tlcmFlbGxobWZoaW5jZXVsfGxmZHR_cmhlfXltamhq",0
"bntybWl0aXRlemlufWZoZ3pjZXZpfXtmbHVwaWhmfGpua3l0",0
"eWh9bGhhanNlant9fmZod31iZWxvemlmaHJsdW93fW16anZ0",0
"eGtxcGh0e2JlZWp9bWZoYXBmZXZ6aX1meXV_c2treGtpamVj",1
"a2xvemt3e2VldW58emZoYXJkZXV4eX1maGdsYmx3bHx8cGRn",0
"b3x8cnZze3JlZHB7cmZoanJmZXVpaXBmd3NqYWtpaGl7a3hh",0
"a2h-f21zaXNleXh-bGZoaHJzZXV8a25ma2FwYWp4eG1qenl0",0
"e2xpenpofXVldXp8bWZocntkZWx5aW5mdWprYW9seWhqf2ho",0
"bHp6bHdhfmZlaHt9bWZoYXxiZXV9fXpmamF6d25men5ve3hk",0
"Z3t7aWZ2cWZlanhpf2ZoZ3poZW1wcH1meGFxZnlkeWlwemx2",1
"eXxrf3ppe3RlbXBqcmZoZW1hZXVofmlmZHV6YXFqeWxvfXZi",0
"anl7fG1pa2FlaGpoaWZoZ2xzZWxofGxmdXdqaGtpeHx6a210",0
"bXB8amZkaWdlZm96cWZoY3B1ZWxnb31mZmp7cnlrent9cGt2",0
"fW1ye2V3fWVlanxvfWZocnFmZWx6bGpmZ2NtZ2pnam99cW1q",0
"cH18fnhme2FlbGd6a2Zocn1oZW1qcXBmaXNvZXtqb2txamRi",0
"em56cnhpbmJleW99emZoYmliZXVnbG9ma3dvc2h1bXlqfnd3",0
"emxtcGhybmJld3xuf2ZoZm92ZXZ7fXBmamh_ampoanB7cGhl",0
"e2lrcHV2fWplZ2x-b2ZoZGx3ZXZqe3BmanJrYm5nbGh_bmti",0
"cGx6empma3ZlbW9rfGZodHB1ZW1veXpmeXJvZm92an1pfWlj",0
"fH5-aWZhe3Nlam9taWZodmt0ZXV4fG5maGZxcm5kcH1rbXdl",0
"e3xua2Vob2pleHB-a2ZodW91ZXVqa2lmZmpwYnFsfGx-b2ty",0
"am5pemhjfmplaWpxfGZoaHBkZW1ua3FmaGpxdXxtaG1xbGpj",0
"fGlvbmhncGhlbGhwe2ZodmxlZXZtamxmeGhraW9ofX5vfHZm",0
"emlya2VkcndlbGxqemZodG1nZXVvfXFmeGhtZ2xpampremRj",0
"fGttb2x2cnJlbW5vbmZocm93ZXZ7amlmZ2JqYmh1fW5vaWZl",0
"b25rcnh3bmZlbHxwfGZoaW5lZW1nfnxmaWlxY29nb2x7a2Vh",0
"Z21qaWxpamFlaHxwfGZoaH9oZW1sbHJmaWF_YWt5b3l9fWVl",0
"bm5ybXV3f2dlaWx7bWZoZ21iZXZnam5mbGJvZGx1aGx8cWVk",0
"Z2trb2xyf3Jld2hqcGZodnpqZXV5cGlmbXN9Z3lnam9tf2xy",0
"emp7fWp3cmVleHl7emZodG5mZW1ta3FmamJsZm5raWlubnV1",0
"fXlscXVmemVlaXhqfWZoYmxqZXV7e3JmdnNraHp5eHxrfHhn",0
"b2xye2R0f3RlamxobGZoc3tjZXZpanxmbWpuY31tfX5ubWRy",0
"bGppcHVhcWJld21tfmZodX5pZW1qcWlmbHVuY31neW98cHZp",0
"e2t_cmlmcWFlZGxvcWZoY392ZW19fmpmZnRuYWtteGl9cHhy",0
"aGttfHZiaXJlbXtoemZoY3phZXVncHxmZWhvdm95aHpyb2pp",0
"fXlvcXh0bmNlZnp9b2ZoY3ppZW1vfW9maWN-YWl2fX5xb3Zk",0
"Z3l-bnpnamdlemtofmZoZmlqZW1ne3xmeWdwdm5reHBtaXVm",0
"bGp_cWZycHNlen17f2ZodHF0ZWxwaG9maWZpd2t2aWpta21j",1
"bm1-bGtmaXVlZnl9cmZodX5yZXZscHFmZmZyZXxmaGx9fGZ2",0
"aG9-bnpiaWlleWt5fWZoYXJzZXZ6eXFmZWNwY3tnfWl6fmh0",0
"bWtvcWdpaWllbGt5amZod3J0ZW19fHtmZWR-aHpmem1-emRi",1
"eWlycm1mfWllZXxqemZoZmtyZW1rcG9maGh-Zn5qbXp6cXV3",0
"bXFyemdnfWhlaHt5cGZod2tpZXV8bmtma3Rwd3p5aGh_bG12",0
